date,sunrise,sunset
2023-01-01 08:00:00+00:00,2023-01-01 16:07:33+00:00,2023-01-02 00:24:30+00:00
2023-01-02 08:00:00+00:00,2023-01-02 16:07:28+00:00,2023-01-03 00:25:31+00:00
2023-01-03 08:00:00+00:00,2023-01-03 16:07:19+00:00,2023-01-04 00:26:35+00:00
2023-01-04 08:00:00+00:00,2023-01-04 16:07:08+00:00,2023-01-05 00:27:41+00:00
2023-01-05 08:00:00+00:00,2023-01-05 16:06:53+00:00,2023-01-06 00:28:50+00:00
2023-01-06 08:00:00+00:00,2023-01-06 16:06:36+00:00,2023-01-07 00:30:01+00:00
2023-01-07 08:00:00+00:00,2023-01-07 16:06:16+00:00,2023-01-08 00:31:14+00:00
2023-01-08 08:00:00+00:00,2023-01-08 16:05:54+00:00,2023-01-09 00:32:29+00:00
2023-01-09 08:00:00+00:00,2023-01-09 16:05:28+00:00,2023-01-10 00:33:46+00:00
2023-01-10 08:00:00+00:00,2023-01-10 16:05:00+00:00,2023-01-11 00:35:05+00:00
2023-01-11 08:00:00+00:00,2023-01-11 16:04:29+00:00,2023-01-12 00:36:25+00:00
2023-01-12 08:00:00+00:00,2023-01-12 16:03:55+00:00,2023-01-13 00:37:46+00:00
2023-01-13 08:00:00+00:00,2023-01-13 16:03:18+00:00,2023-01-14 00:39:09+00:00
2023-01-14 08:00:00+00:00,2023-01-14 16:02:39+00:00,2023-01-15 00:40:32+00:00
2023-01-15 08:00:00+00:00,2023-01-15 16:01:57+00:00,2023-01-16 00:41:57+00:00
2023-01-16 08:00:00+00:00,2023-01-16 16:01:12+00:00,2023-01-17 00:43:22+00:00
2023-01-17 08:00:00+00:00,2023-01-17 16:00:25+00:00,2023-01-18 00:44:48+00:00
2023-01-18 08:00:00+00:00,2023-01-18 15:59:35+00:00,2023-01-19 00:46:14+00:00
2023-01-19 08:00:00+00:00,2023-01-19 15:58:42+00:00,2023-01-20 00:47:43+00:00
2023-01-20 08:00:00+00:00,2023-01-20 15:57:45+00:00,2023-01-21 00:49:13+00:00
2023-01-21 08:00:00+00:00,2023-01-21 15:56:46+00:00,2023-01-22 00:50:45+00:00
2023-01-22 08:00:00+00:00,2023-01-22 15:55:45+00:00,2023-01-23 00:52:18+00:00
2023-01-23 08:00:00+00:00,2023-01-23 15:54:40+00:00,2023-01-24 00:53:53+00:00
2023-01-24 08:00:00+00:00,2023-01-24 15:53:33+00:00,2023-01-25 00:55:29+00:00
2023-01-25 08:00:00+00:00,2023-01-25 15:52:24+00:00,2023-01-26 00:57:06+00:00
2023-01-26 08:00:00+00:00,2023-01-26 15:51:12+00:00,2023-01-27 00:58:44+00:00
2023-01-27 08:00:00+00:00,2023-01-27 15:49:59+00:00,2023-01-28 01:00:22+00:00
2023-01-28 08:00:00+00:00,2023-01-28 15:48:43+00:00,2023-01-29 01:02:01+00:00
2023-01-29 08:00:00+00:00,2023-01-29 15:47:25+00:00,2023-01-30 01:03:41+00:00
2023-01-30 08:00:00+00:00,2023-01-30 15:46:06+00:00,2023-01-31 01:05:21+00:00
2023-01-31 08:00:00+00:00,2023-01-31 15:44:44+00:00,2023-02-01 01:07:01+00:00
2023-02-01 08:00:00+00:00,2023-02-01 15:43:22+00:00,2023-02-02 01:08:41+00:00
2023-02-02 08:00:00+00:00,2023-02-02 15:41:57+00:00,2023-02-03 01:10:22+00:00
2023-02-03 08:00:00+00:00,2023-02-03 15:40:31+00:00,2023-02-04 01:12:02+00:00
2023-02-04 08:00:00+00:00,2023-02-04 15:39:04+00:00,2023-02-05 01:13:42+00:00
2023-02-05 08:00:00+00:00,2023-02-05 15:37:35+00:00,2023-02-06 01:15:21+00:00
2023-02-06 08:00:00+00:00,2023-02-06 15:36:05+00:00,2023-02-07 01:17:00+00:00
2023-02-07 08:00:00+00:00,2023-02-07 15:34:34+00:00,2023-02-08 01:18:39+00:00
2023-02-08 08:00:00+00:00,2023-02-08 15:33:00+00:00,2023-02-09 01:20:18+00:00
2023-02-09 08:00:00+00:00,2023-02-09 15:31:23+00:00,2023-02-10 01:21:58+00:00
2023-02-10 08:00:00+00:00,2023-02-10 15:29:45+00:00,2023-02-11 01:23:38+00:00
2023-02-11 08:00:00+00:00,2023-02-11 15:28:05+00:00,2023-02-12 01:25:19+00:00
2023-02-12 08:00:00+00:00,2023-02-12 15:26:22+00:00,2023-02-13 01:27:00+00:00
2023-02-13 08:00:00+00:00,2023-02-13 15:24:38+00:00,2023-02-14 01:28:40+00:00
2023-02-14 08:00:00+00:00,2023-02-14 15:22:52+00:00,2023-02-15 01:30:21+00:00
2023-02-15 08:00:00+00:00,2023-02-15 15:21:05+00:00,2023-02-16 01:32:02+00:00
2023-02-16 08:00:00+00:00,2023-02-16 15:19:17+00:00,2023-02-17 01:33:43+00:00
2023-02-17 08:00:00+00:00,2023-02-17 15:17:27+00:00,2023-02-18 01:35:24+00:00
2023-02-18 08:00:00+00:00,2023-02-18 15:15:37+00:00,2023-02-19 01:37:04+00:00
2023-02-19 08:00:00+00:00,2023-02-19 15:13:45+00:00,2023-02-20 01:38:44+00:00
2023-02-20 08:00:00+00:00,2023-02-20 15:11:53+00:00,2023-02-21 01:40:24+00:00
2023-02-21 08:00:00+00:00,2023-02-21 15:09:59+00:00,2023-02-22 01:42:04+00:00
2023-02-22 08:00:00+00:00,2023-02-22 15:08:06+00:00,2023-02-23 01:43:43+00:00
2023-02-23 08:00:00+00:00,2023-02-23 15:06:12+00:00,2023-02-24 01:45:22+00:00
2023-02-24 08:00:00+00:00,2023-02-24 15:04:17+00:00,2023-02-25 01:47:00+00:00
2023-02-25 08:00:00+00:00,2023-02-25 15:02:22+00:00,2023-02-26 01:48:37+00:00
2023-02-26 08:00:00+00:00,2023-02-26 15:00:28+00:00,2023-02-27 01:50:14+00:00
2023-02-27 08:00:00+00:00,2023-02-27 14:58:32+00:00,2023-02-28 01:51:51+00:00
2023-02-28 08:00:00+00:00,2023-02-28 14:56:35+00:00,2023-03-01 01:53:27+00:00
2023-03-01 08:00:00+00:00,2023-03-01 14:54:37+00:00,2023-03-02 01:55:04+00:00
2023-03-02 08:00:00+00:00,2023-03-02 14:52:37+00:00,2023-03-03 01:56:40+00:00
2023-03-03 08:00:00+00:00,2023-03-03 14:50:35+00:00,2023-03-04 01:58:16+00:00
2023-03-04 08:00:00+00:00,2023-03-04 14:48:33+00:00,2023-03-05 01:59:52+00:00
2023-03-05 08:00:00+00:00,2023-03-05 14:46:29+00:00,2023-03-06 02:01:28+00:00
2023-03-06 08:00:00+00:00,2023-03-06 14:44:25+00:00,2023-03-07 02:03:04+00:00
2023-03-07 08:00:00+00:00,2023-03-07 14:42:20+00:00,2023-03-08 02:04:39+00:00
2023-03-08 08:00:00+00:00,2023-03-08 14:40:14+00:00,2023-03-09 02:06:15+00:00
2023-03-09 08:00:00+00:00,2023-03-09 14:38:08+00:00,2023-03-10 02:07:50+00:00
2023-03-10 08:00:00+00:00,2023-03-10 14:36:01+00:00,2023-03-11 02:09:24+00:00
2023-03-11 08:00:00+00:00,2023-03-11 14:33:54+00:00,2023-03-12 02:10:59+00:00
2023-03-12 08:00:00+00:00,2023-03-12 14:31:47+00:00,2023-03-13 02:12:33+00:00
2023-03-13 08:00:00+00:00,2023-03-13 14:29:40+00:00,2023-03-14 02:14:07+00:00
2023-03-14 08:00:00+00:00,2023-03-14 14:27:34+00:00,2023-03-15 02:15:41+00:00
2023-03-15 08:00:00+00:00,2023-03-15 14:25:27+00:00,2023-03-16 02:17:14+00:00
2023-03-16 08:00:00+00:00,2023-03-16 14:23:21+00:00,2023-03-17 02:18:47+00:00
2023-03-17 08:00:00+00:00,2023-03-17 14:21:16+00:00,2023-03-18 02:20:20+00:00
2023-03-18 08:00:00+00:00,2023-03-18 14:19:11+00:00,2023-03-19 02:21:52+00:00
2023-03-19 08:00:00+00:00,2023-03-19 14:17:06+00:00,2023-03-20 02:23:24+00:00
2023-03-20 08:00:00+00:00,2023-03-20 14:15:00+00:00,2023-03-21 02:24:56+00:00
2023-03-21 08:00:00+00:00,2023-03-21 14:12:54+00:00,2023-03-22 02:26:29+00:00
2023-03-22 08:00:00+00:00,2023-03-22 14:10:46+00:00,2023-03-23 02:28:01+00:00
2023-03-23 08:00:00+00:00,2023-03-23 14:08:38+00:00,2023-03-24 02:29:33+00:00
2023-03-24 08:00:00+00:00,2023-03-24 14:06:30+00:00,2023-03-25 02:31:05+00:00
2023-03-25 08:00:00+00:00,2023-03-25 14:04:21+00:00,2023-03-26 02:32:37+00:00
2023-03-26 08:00:00+00:00,2023-03-26 14:02:12+00:00,2023-03-27 02:34:09+00:00
2023-03-27 08:00:00+00:00,2023-03-27 14:00:03+00:00,2023-03-28 02:35:40+00:00
2023-03-28 08:00:00+00:00,2023-03-28 13:57:54+00:00,2023-03-29 02:37:12+00:00
2023-03-29 08:00:00+00:00,2023-03-29 13:55:45+00:00,2023-03-30 02:38:44+00:00
2023-03-30 08:00:00+00:00,2023-03-30 13:53:36+00:00,2023-03-31 02:40:16+00:00
2023-03-31 08:00:00+00:00,2023-03-31 13:51:27+00:00,2023-04-01 02:41:47+00:00
2023-04-01 08:00:00+00:00,2023-04-01 13:49:19+00:00,2023-04-02 02:43:19+00:00
2023-04-02 08:00:00+00:00,2023-04-02 13:47:12+00:00,2023-04-03 02:44:50+00:00
2023-04-03 08:00:00+00:00,2023-04-03 13:45:05+00:00,2023-04-04 02:46:21+00:00
2023-04-04 08:00:00+00:00,2023-04-04 13:43:00+00:00,2023-04-05 02:47:52+00:00
2023-04-05 08:00:00+00:00,2023-04-05 13:40:55+00:00,2023-04-06 02:49:23+00:00
2023-04-06 08:00:00+00:00,2023-04-06 13:38:51+00:00,2023-04-07 02:50:54+00:00
2023-04-07 08:00:00+00:00,2023-04-07 13:36:49+00:00,2023-04-08 02:52:25+00:00
2023-04-08 08:00:00+00:00,2023-04-08 13:34:47+00:00,2023-04-09 02:53:55+00:00
2023-04-09 08:00:00+00:00,2023-04-09 13:32:45+00:00,2023-04-10 02:55:26+00:00
2023-04-10 08:00:00+00:00,2023-04-10 13:30:43+00:00,2023-04-11 02:56:57+00:00
2023-04-11 08:00:00+00:00,2023-04-11 13:28:41+00:00,2023-04-12 02:58:28+00:00
2023-04-12 08:00:00+00:00,2023-04-12 13:26:39+00:00,2023-04-13 02:59:59+00:00
2023-04-13 08:00:00+00:00,2023-04-13 13:24:38+00:00,2023-04-14 03:01:31+00:00
2023-04-14 08:00:00+00:00,2023-04-14 13:22:36+00:00,2023-04-15 03:03:02+00:00
2023-04-15 08:00:00+00:00,2023-04-15 13:20:35+00:00,2023-04-16 03:04:33+00:00
2023-04-16 08:00:00+00:00,2023-04-16 13:18:35+00:00,2023-04-17 03:06:05+00:00
2023-04-17 08:00:00+00:00,2023-04-17 13:16:35+00:00,2023-04-18 03:07:36+00:00
2023-04-18 08:00:00+00:00,2023-04-18 13:14:36+00:00,2023-04-19 03:09:08+00:00
2023-04-19 08:00:00+00:00,2023-04-19 13:12:38+00:00,2023-04-20 03:10:39+00:00
2023-04-20 08:00:00+00:00,2023-04-20 13:10:40+00:00,2023-04-21 03:12:10+00:00
2023-04-21 08:00:00+00:00,2023-04-21 13:08:44+00:00,2023-04-22 03:13:41+00:00
2023-04-22 08:00:00+00:00,2023-04-22 13:06:49+00:00,2023-04-23 03:15:12+00:00
2023-04-23 08:00:00+00:00,2023-04-23 13:04:56+00:00,2023-04-24 03:16:43+00:00
2023-04-24 08:00:00+00:00,2023-04-24 13:03:03+00:00,2023-04-25 03:18:13+00:00
2023-04-25 08:00:00+00:00,2023-04-25 13:01:13+00:00,2023-04-26 03:19:43+00:00
2023-04-26 08:00:00+00:00,2023-04-26 12:59:24+00:00,2023-04-27 03:21:13+00:00
2023-04-27 08:00:00+00:00,2023-04-27 12:57:37+00:00,2023-04-28 03:22:42+00:00
2023-04-28 08:00:00+00:00,2023-04-28 12:55:52+00:00,2023-04-29 03:24:10+00:00
2023-04-29 08:00:00+00:00,2023-04-29 12:54:07+00:00,2023-04-30 03:25:39+00:00
2023-04-30 08:00:00+00:00,2023-04-30 12:52:23+00:00,2023-05-01 03:27:08+00:00
2023-05-01 08:00:00+00:00,2023-05-01 12:50:40+00:00,2023-05-02 03:28:38+00:00
2023-05-02 08:00:00+00:00,2023-05-02 12:48:58+00:00,2023-05-03 03:30:07+00:00
2023-05-03 08:00:00+00:00,2023-05-03 12:47:17+00:00,2023-05-04 03:31:36+00:00
2023-05-04 08:00:00+00:00,2023-05-04 12:45:37+00:00,2023-05-05 03:33:05+00:00
2023-05-05 08:00:00+00:00,2023-05-05 12:43:59+00:00,2023-05-06 03:34:33+00:00
2023-05-06 08:00:00+00:00,2023-05-06 12:42:21+00:00,2023-05-07 03:36:02+00:00
2023-05-07 08:00:00+00:00,2023-05-07 12:40:45+00:00,2023-05-08 03:37:30+00:00
2023-05-08 08:00:00+00:00,2023-05-08 12:39:11+00:00,2023-05-09 03:38:57+00:00
2023-05-09 08:00:00+00:00,2023-05-09 12:37:38+00:00,2023-05-10 03:40:24+00:00
2023-05-10 08:00:00+00:00,2023-05-10 12:36:07+00:00,2023-05-11 03:41:50+00:00
2023-05-11 08:00:00+00:00,2023-05-11 12:34:37+00:00,2023-05-12 03:43:15+00:00
2023-05-12 08:00:00+00:00,2023-05-12 12:33:10+00:00,2023-05-13 03:44:40+00:00
2023-05-13 08:00:00+00:00,2023-05-13 12:31:45+00:00,2023-05-14 03:46:03+00:00
2023-05-14 08:00:00+00:00,2023-05-14 12:30:21+00:00,2023-05-15 03:47:26+00:00
2023-05-15 08:00:00+00:00,2023-05-15 12:29:00+00:00,2023-05-16 03:48:47+00:00
2023-05-16 08:00:00+00:00,2023-05-16 12:27:42+00:00,2023-05-17 03:50:08+00:00
2023-05-17 08:00:00+00:00,2023-05-17 12:26:26+00:00,2023-05-18 03:51:26+00:00
2023-05-18 08:00:00+00:00,2023-05-18 12:25:12+00:00,2023-05-19 03:52:44+00:00
2023-05-19 08:00:00+00:00,2023-05-19 12:24:00+00:00,2023-05-20 03:54:01+00:00
2023-05-20 08:00:00+00:00,2023-05-20 12:22:50+00:00,2023-05-21 03:55:18+00:00
2023-05-21 08:00:00+00:00,2023-05-21 12:21:42+00:00,2023-05-22 03:56:34+00:00
2023-05-22 08:00:00+00:00,2023-05-22 12:20:37+00:00,2023-05-23 03:57:49+00:00
2023-05-23 08:00:00+00:00,2023-05-23 12:19:33+00:00,2023-05-24 03:59:04+00:00
2023-05-24 08:00:00+00:00,2023-05-24 12:18:31+00:00,2023-05-25 04:00:17+00:00
2023-05-25 08:00:00+00:00,2023-05-25 12:17:32+00:00,2023-05-26 04:01:29+00:00
2023-05-26 08:00:00+00:00,2023-05-26 12:16:35+00:00,2023-05-27 04:02:40+00:00
2023-05-27 08:00:00+00:00,2023-05-27 12:15:40+00:00,2023-05-28 04:03:50+00:00
2023-05-28 08:00:00+00:00,2023-05-28 12:14:47+00:00,2023-05-29 04:04:58+00:00
2023-05-29 08:00:00+00:00,2023-05-29 12:13:57+00:00,2023-05-30 04:06:04+00:00
2023-05-30 08:00:00+00:00,2023-05-30 12:13:09+00:00,2023-05-31 04:07:09+00:00
2023-05-31 08:00:00+00:00,2023-05-31 12:12:24+00:00,2023-06-01 04:08:12+00:00
2023-06-01 08:00:00+00:00,2023-06-01 12:11:41+00:00,2023-06-02 04:09:13+00:00
2023-06-02 08:00:00+00:00,2023-06-02 12:11:01+00:00,2023-06-03 04:10:12+00:00
2023-06-03 08:00:00+00:00,2023-06-03 12:10:24+00:00,2023-06-04 04:11:08+00:00
2023-06-04 08:00:00+00:00,2023-06-04 12:09:49+00:00,2023-06-05 04:12:02+00:00
2023-06-05 08:00:00+00:00,2023-06-05 12:09:17+00:00,2023-06-06 04:12:54+00:00
2023-06-06 08:00:00+00:00,2023-06-06 12:08:47+00:00,2023-06-07 04:13:42+00:00
2023-06-07 08:00:00+00:00,2023-06-07 12:08:21+00:00,2023-06-08 04:14:29+00:00
2023-06-08 08:00:00+00:00,2023-06-08 12:07:57+00:00,2023-06-09 04:15:14+00:00
2023-06-09 08:00:00+00:00,2023-06-09 12:07:37+00:00,2023-06-10 04:15:57+00:00
2023-06-10 08:00:00+00:00,2023-06-10 12:07:19+00:00,2023-06-11 04:16:38+00:00
2023-06-11 08:00:00+00:00,2023-06-11 12:07:05+00:00,2023-06-12 04:17:17+00:00
2023-06-12 08:00:00+00:00,2023-06-12 12:06:53+00:00,2023-06-13 04:17:54+00:00
2023-06-13 08:00:00+00:00,2023-06-13 12:06:44+00:00,2023-06-14 04:18:29+00:00
2023-06-14 08:00:00+00:00,2023-06-14 12:06:38+00:00,2023-06-15 04:19:02+00:00
2023-06-15 08:00:00+00:00,2023-06-15 12:06:35+00:00,2023-06-16 04:19:32+00:00
2023-06-16 08:00:00+00:00,2023-06-16 12:06:34+00:00,2023-06-17 04:20:00+00:00
2023-06-17 08:00:00+00:00,2023-06-17 12:06:36+00:00,2023-06-18 04:20:26+00:00
2023-06-18 08:00:00+00:00,2023-06-18 12:06:41+00:00,2023-06-19 04:20:49+00:00
2023-06-19 08:00:00+00:00,2023-06-19 12:06:48+00:00,2023-06-20 04:21:09+00:00
2023-06-20 08:00:00+00:00,2023-06-20 12:06:58+00:00,2023-06-21 04:21:26+00:00
2023-06-21 08:00:00+00:00,2023-06-21 12:07:10+00:00,2023-06-22 04:21:41+00:00
2023-06-22 08:00:00+00:00,2023-06-22 12:07:25+00:00,2023-06-23 04:21:52+00:00
2023-06-23 08:00:00+00:00,2023-06-23 12:07:42+00:00,2023-06-24 04:22:01+00:00
2023-06-24 08:00:00+00:00,2023-06-24 12:08:01+00:00,2023-06-25 04:22:07+00:00
2023-06-25 08:00:00+00:00,2023-06-25 12:08:22+00:00,2023-06-26 04:22:09+00:00
2023-06-26 08:00:00+00:00,2023-06-26 12:08:46+00:00,2023-06-27 04:22:08+00:00
2023-06-27 08:00:00+00:00,2023-06-27 12:09:12+00:00,2023-06-28 04:22:04+00:00
2023-06-28 08:00:00+00:00,2023-06-28 12:09:41+00:00,2023-06-29 04:21:58+00:00
2023-06-29 08:00:00+00:00,2023-06-29 12:10:13+00:00,2023-06-30 04:21:48+00:00
2023-06-30 08:00:00+00:00,2023-06-30 12:10:48+00:00,2023-07-01 04:21:36+00:00
2023-07-01 08:00:00+00:00,2023-07-01 12:11:26+00:00,2023-07-02 04:21:22+00:00
2023-07-02 08:00:00+00:00,2023-07-02 12:12:06+00:00,2023-07-03 04:21:04+00:00
2023-07-03 08:00:00+00:00,2023-07-03 12:12:49+00:00,2023-07-04 04:20:44+00:00
2023-07-04 08:00:00+00:00,2023-07-04 12:13:34+00:00,2023-07-05 04:20:21+00:00
2023-07-05 08:00:00+00:00,2023-07-05 12:14:21+00:00,2023-07-06 04:19:56+00:00
2023-07-06 08:00:00+00:00,2023-07-06 12:15:10+00:00,2023-07-07 04:19:28+00:00
2023-07-07 08:00:00+00:00,2023-07-07 12:16:01+00:00,2023-07-08 04:18:57+00:00
2023-07-08 08:00:00+00:00,2023-07-08 12:16:55+00:00,2023-07-09 04:18:24+00:00
2023-07-09 08:00:00+00:00,2023-07-09 12:17:49+00:00,2023-07-10 04:17:48+00:00
2023-07-10 08:00:00+00:00,2023-07-10 12:18:46+00:00,2023-07-11 04:17:09+00:00
2023-07-11 08:00:00+00:00,2023-07-11 12:19:44+00:00,2023-07-12 04:16:28+00:00
2023-07-12 08:00:00+00:00,2023-07-12 12:20:43+00:00,2023-07-13 04:15:44+00:00
2023-07-13 08:00:00+00:00,2023-07-13 12:21:44+00:00,2023-07-14 04:14:58+00:00
2023-07-14 08:00:00+00:00,2023-07-14 12:22:46+00:00,2023-07-15 04:14:10+00:00
2023-07-15 08:00:00+00:00,2023-07-15 12:23:49+00:00,2023-07-16 04:13:19+00:00
2023-07-16 08:00:00+00:00,2023-07-16 12:24:53+00:00,2023-07-17 04:12:25+00:00
2023-07-17 08:00:00+00:00,2023-07-17 12:25:58+00:00,2023-07-18 04:11:29+00:00
2023-07-18 08:00:00+00:00,2023-07-18 12:27:05+00:00,2023-07-19 04:10:30+00:00
2023-07-19 08:00:00+00:00,2023-07-19 12:28:13+00:00,2023-07-20 04:09:28+00:00
2023-07-20 08:00:00+00:00,2023-07-20 12:29:24+00:00,2023-07-21 04:08:24+00:00
2023-07-21 08:00:00+00:00,2023-07-21 12:30:36+00:00,2023-07-22 04:07:17+00:00
2023-07-22 08:00:00+00:00,2023-07-22 12:31:49+00:00,2023-07-23 04:06:08+00:00
2023-07-23 08:00:00+00:00,2023-07-23 12:33:04+00:00,2023-07-24 04:04:57+00:00
2023-07-24 08:00:00+00:00,2023-07-24 12:34:20+00:00,2023-07-25 04:03:43+00:00
2023-07-25 08:00:00+00:00,2023-07-25 12:35:37+00:00,2023-07-26 04:02:27+00:00
2023-07-26 08:00:00+00:00,2023-07-26 12:36:55+00:00,2023-07-27 04:01:10+00:00
2023-07-27 08:00:00+00:00,2023-07-27 12:38:14+00:00,2023-07-28 03:59:50+00:00
2023-07-28 08:00:00+00:00,2023-07-28 12:39:33+00:00,2023-07-29 03:58:28+00:00
2023-07-29 08:00:00+00:00,2023-07-29 12:40:53+00:00,2023-07-30 03:57:05+00:00
2023-07-30 08:00:00+00:00,2023-07-30 12:42:14+00:00,2023-07-31 03:55:40+00:00
2023-07-31 08:00:00+00:00,2023-07-31 12:43:36+00:00,2023-08-01 03:54:14+00:00
2023-08-01 08:00:00+00:00,2023-08-01 12:44:57+00:00,2023-08-02 03:52:45+00:00
2023-08-02 08:00:00+00:00,2023-08-02 12:46:19+00:00,2023-08-03 03:51:16+00:00
2023-08-03 08:00:00+00:00,2023-08-03 12:47:41+00:00,2023-08-04 03:49:45+00:00
2023-08-04 08:00:00+00:00,2023-08-04 12:49:03+00:00,2023-08-05 03:48:13+00:00
2023-08-05 08:00:00+00:00,2023-08-05 12:50:25+00:00,2023-08-06 03:46:39+00:00
2023-08-06 08:00:00+00:00,2023-08-06 12:51:48+00:00,2023-08-07 03:45:04+00:00
2023-08-07 08:00:00+00:00,2023-08-07 12:53:11+00:00,2023-08-08 03:43:27+00:00
2023-08-08 08:00:00+00:00,2023-08-08 12:54:34+00:00,2023-08-09 03:41:47+00:00
2023-08-09 08:00:00+00:00,2023-08-09 12:55:59+00:00,2023-08-10 03:40:06+00:00
2023-08-10 08:00:00+00:00,2023-08-10 12:57:23+00:00,2023-08-11 03:38:23+00:00
2023-08-11 08:00:00+00:00,2023-08-11 12:58:49+00:00,2023-08-12 03:36:38+00:00
2023-08-12 08:00:00+00:00,2023-08-12 13:00:14+00:00,2023-08-13 03:34:52+00:00
2023-08-13 08:00:00+00:00,2023-08-13 13:01:40+00:00,2023-08-14 03:33:04+00:00
2023-08-14 08:00:00+00:00,2023-08-14 13:03:07+00:00,2023-08-15 03:31:14+00:00
2023-08-15 08:00:00+00:00,2023-08-15 13:04:33+00:00,2023-08-16 03:29:24+00:00
2023-08-16 08:00:00+00:00,2023-08-16 13:06:00+00:00,2023-08-17 03:27:32+00:00
2023-08-17 08:00:00+00:00,2023-08-17 13:07:27+00:00,2023-08-18 03:25:40+00:00
2023-08-18 08:00:00+00:00,2023-08-18 13:08:53+00:00,2023-08-19 03:23:46+00:00
2023-08-19 08:00:00+00:00,2023-08-19 13:10:20+00:00,2023-08-20 03:21:52+00:00
2023-08-20 08:00:00+00:00,2023-08-20 13:11:47+00:00,2023-08-21 03:19:57+00:00
2023-08-21 08:00:00+00:00,2023-08-21 13:13:14+00:00,2023-08-22 03:18:01+00:00
2023-08-22 08:00:00+00:00,2023-08-22 13:14:40+00:00,2023-08-23 03:16:05+00:00
2023-08-23 08:00:00+00:00,2023-08-23 13:16:06+00:00,2023-08-24 03:14:08+00:00
2023-08-24 08:00:00+00:00,2023-08-24 13:17:33+00:00,2023-08-25 03:12:11+00:00
2023-08-25 08:00:00+00:00,2023-08-25 13:18:58+00:00,2023-08-26 03:10:14+00:00
2023-08-26 08:00:00+00:00,2023-08-26 13:20:24+00:00,2023-08-27 03:08:17+00:00
2023-08-27 08:00:00+00:00,2023-08-27 13:21:50+00:00,2023-08-28 03:06:17+00:00
2023-08-28 08:00:00+00:00,2023-08-28 13:23:16+00:00,2023-08-29 03:04:17+00:00
2023-08-29 08:00:00+00:00,2023-08-29 13:24:42+00:00,2023-08-30 03:02:15+00:00
2023-08-30 08:00:00+00:00,2023-08-30 13:26:08+00:00,2023-08-31 03:00:11+00:00
2023-08-31 08:00:00+00:00,2023-08-31 13:27:35+00:00,2023-09-01 02:58:07+00:00
2023-09-01 08:00:00+00:00,2023-09-01 13:29:01+00:00,2023-09-02 02:56:02+00:00
2023-09-02 08:00:00+00:00,2023-09-02 13:30:27+00:00,2023-09-03 02:53:56+00:00
2023-09-03 08:00:00+00:00,2023-09-03 13:31:54+00:00,2023-09-04 02:51:49+00:00
2023-09-04 08:00:00+00:00,2023-09-04 13:33:20+00:00,2023-09-05 02:49:42+00:00
2023-09-05 08:00:00+00:00,2023-09-05 13:34:47+00:00,2023-09-06 02:47:34+00:00
2023-09-06 08:00:00+00:00,2023-09-06 13:36:13+00:00,2023-09-07 02:45:26+00:00
2023-09-07 08:00:00+00:00,2023-09-07 13:37:40+00:00,2023-09-08 02:43:18+00:00
2023-09-08 08:00:00+00:00,2023-09-08 13:39:06+00:00,2023-09-09 02:41:09+00:00
2023-09-09 08:00:00+00:00,2023-09-09 13:40:33+00:00,2023-09-10 02:39:01+00:00
2023-09-10 08:00:00+00:00,2023-09-10 13:41:59+00:00,2023-09-11 02:36:53+00:00
2023-09-11 08:00:00+00:00,2023-09-11 13:43:25+00:00,2023-09-12 02:34:44+00:00
2023-09-12 08:00:00+00:00,2023-09-12 13:44:51+00:00,2023-09-13 02:32:37+00:00
2023-09-13 08:00:00+00:00,2023-09-13 13:46:18+00:00,2023-09-14 02:30:30+00:00
2023-09-14 08:00:00+00:00,2023-09-14 13:47:44+00:00,2023-09-15 02:28:23+00:00
2023-09-15 08:00:00+00:00,2023-09-15 13:49:10+00:00,2023-09-16 02:26:16+00:00
2023-09-16 08:00:00+00:00,2023-09-16 13:50:36+00:00,2023-09-17 02:24:09+00:00
2023-09-17 08:00:00+00:00,2023-09-17 13:52:02+00:00,2023-09-18 02:22:00+00:00
2023-09-18 08:00:00+00:00,2023-09-18 13:53:29+00:00,2023-09-19 02:19:51+00:00
2023-09-19 08:00:00+00:00,2023-09-19 13:54:56+00:00,2023-09-20 02:17:41+00:00
2023-09-20 08:00:00+00:00,2023-09-20 13:56:23+00:00,2023-09-21 02:15:31+00:00
2023-09-21 08:00:00+00:00,2023-09-21 13:57:50+00:00,2023-09-22 02:13:20+00:00
2023-09-22 08:00:00+00:00,2023-09-22 13:59:17+00:00,2023-09-23 02:11:10+00:00
2023-09-23 08:00:00+00:00,2023-09-23 14:00:45+00:00,2023-09-24 02:08:59+00:00
2023-09-24 08:00:00+00:00,2023-09-24 14:02:12+00:00,2023-09-25 02:06:48+00:00
2023-09-25 08:00:00+00:00,2023-09-25 14:03:40+00:00,2023-09-26 02:04:37+00:00
2023-09-26 08:00:00+00:00,2023-09-26 14:05:08+00:00,2023-09-27 02:02:26+00:00
2023-09-27 08:00:00+00:00,2023-09-27 14:06:36+00:00,2023-09-28 02:00:16+00:00
2023-09-28 08:00:00+00:00,2023-09-28 14:08:05+00:00,2023-09-29 01:58:07+00:00
2023-09-29 08:00:00+00:00,2023-09-29 14:09:33+00:00,2023-09-30 01:55:58+00:00
2023-09-30 08:00:00+00:00,2023-09-30 14:11:02+00:00,2023-10-01 01:53:49+00:00
2023-10-01 08:00:00+00:00,2023-10-01 14:12:30+00:00,2023-10-02 01:51:42+00:00
2023-10-02 08:00:00+00:00,2023-10-02 14:13:59+00:00,2023-10-03 01:49:35+00:00
2023-10-03 08:00:00+00:00,2023-10-03 14:15:28+00:00,2023-10-04 01:47:30+00:00
2023-10-04 08:00:00+00:00,2023-10-04 14:16:57+00:00,2023-10-05 01:45:26+00:00
2023-10-05 08:00:00+00:00,2023-10-05 14:18:27+00:00,2023-10-06 01:43:23+00:00
2023-10-06 08:00:00+00:00,2023-10-06 14:19:57+00:00,2023-10-07 01:41:19+00:00
2023-10-07 08:00:00+00:00,2023-10-07 14:21:27+00:00,2023-10-08 01:39:15+00:00
2023-10-08 08:00:00+00:00,2023-10-08 14:22:58+00:00,2023-10-09 01:37:11+00:00
2023-10-09 08:00:00+00:00,2023-10-09 14:24:29+00:00,2023-10-10 01:35:07+00:00
2023-10-10 08:00:00+00:00,2023-10-10 14:26:01+00:00,2023-10-11 01:33:03+00:00
2023-10-11 08:00:00+00:00,2023-10-11 14:27:33+00:00,2023-10-12 01:31:00+00:00
2023-10-12 08:00:00+00:00,2023-10-12 14:29:05+00:00,2023-10-13 01:28:57+00:00
2023-10-13 08:00:00+00:00,2023-10-13 14:30:38+00:00,2023-10-14 01:26:54+00:00
2023-10-14 08:00:00+00:00,2023-10-14 14:32:11+00:00,2023-10-15 01:24:52+00:00
2023-10-15 08:00:00+00:00,2023-10-15 14:33:44+00:00,2023-10-16 01:22:50+00:00
2023-10-16 08:00:00+00:00,2023-10-16 14:35:17+00:00,2023-10-17 01:20:50+00:00
2023-10-17 08:00:00+00:00,2023-10-17 14:36:51+00:00,2023-10-18 01:18:50+00:00
2023-10-18 08:00:00+00:00,2023-10-18 14:38:25+00:00,2023-10-19 01:16:52+00:00
2023-10-19 08:00:00+00:00,2023-10-19 14:39:59+00:00,2023-10-20 01:14:55+00:00
2023-10-20 08:00:00+00:00,2023-10-20 14:41:33+00:00,2023-10-21 01:13:00+00:00
2023-10-21 08:00:00+00:00,2023-10-21 14:43:07+00:00,2023-10-22 01:11:06+00:00
2023-10-22 08:00:00+00:00,2023-10-22 14:44:42+00:00,2023-10-23 01:09:13+00:00
2023-10-23 08:00:00+00:00,2023-10-23 14:46:16+00:00,2023-10-24 01:07:23+00:00
2023-10-24 08:00:00+00:00,2023-10-24 14:47:50+00:00,2023-10-25 01:05:34+00:00
2023-10-25 08:00:00+00:00,2023-10-25 14:49:25+00:00,2023-10-26 01:03:47+00:00
2023-10-26 08:00:00+00:00,2023-10-26 14:51:00+00:00,2023-10-27 01:02:01+00:00
2023-10-27 08:00:00+00:00,2023-10-27 14:52:35+00:00,2023-10-28 01:00:15+00:00
2023-10-28 08:00:00+00:00,2023-10-28 14:54:12+00:00,2023-10-29 00:58:30+00:00
2023-10-29 08:00:00+00:00,2023-10-29 14:55:48+00:00,2023-10-30 00:56:45+00:00
2023-10-30 08:00:00+00:00,2023-10-30 14:57:25+00:00,2023-10-31 00:55:02+00:00
2023-10-31 08:00:00+00:00,2023-10-31 14:59:03+00:00,2023-11-01 00:53:19+00:00
2023-11-01 08:00:00+00:00,2023-11-01 15:00:40+00:00,2023-11-02 00:51:38+00:00
2023-11-02 08:00:00+00:00,2023-11-02 15:02:18+00:00,2023-11-03 00:49:58+00:00
2023-11-03 08:00:00+00:00,2023-11-03 15:03:56+00:00,2023-11-04 00:48:20+00:00
2023-11-04 08:00:00+00:00,2023-11-04 15:05:33+00:00,2023-11-05 00:46:43+00:00
2023-11-05 08:00:00+00:00,2023-11-05 15:07:11+00:00,2023-11-06 00:45:07+00:00
2023-11-06 08:00:00+00:00,2023-11-06 15:08:48+00:00,2023-11-07 00:43:34+00:00
2023-11-07 08:00:00+00:00,2023-11-07 15:10:25+00:00,2023-11-08 00:42:02+00:00
2023-11-08 08:00:00+00:00,2023-11-08 15:12:02+00:00,2023-11-09 00:40:33+00:00
2023-11-09 08:00:00+00:00,2023-11-09 15:13:38+00:00,2023-11-10 00:39:05+00:00
2023-11-10 08:00:00+00:00,2023-11-10 15:15:14+00:00,2023-11-11 00:37:40+00:00
2023-11-11 08:00:00+00:00,2023-11-11 15:16:49+00:00,2023-11-12 00:36:18+00:00
2023-11-12 08:00:00+00:00,2023-11-12 15:18:23+00:00,2023-11-13 00:34:58+00:00
2023-11-13 08:00:00+00:00,2023-11-13 15:19:56+00:00,2023-11-14 00:33:40+00:00
2023-11-14 08:00:00+00:00,2023-11-14 15:21:28+00:00,2023-11-15 00:32:26+00:00
2023-11-15 08:00:00+00:00,2023-11-15 15:23:01+00:00,2023-11-16 00:31:13+00:00
2023-11-16 08:00:00+00:00,2023-11-16 15:24:34+00:00,2023-11-17 00:30:02+00:00
2023-11-17 08:00:00+00:00,2023-11-17 15:26:07+00:00,2023-11-18 00:28:52+00:00
2023-11-18 08:00:00+00:00,2023-11-18 15:27:40+00:00,2023-11-19 00:27:45+00:00
2023-11-19 08:00:00+00:00,2023-11-19 15:29:12+00:00,2023-11-20 00:26:40+00:00
2023-11-20 08:00:00+00:00,2023-11-20 15:30:45+00:00,2023-11-21 00:25:37+00:00
2023-11-21 08:00:00+00:00,2023-11-21 15:32:16+00:00,2023-11-22 00:24:37+00:00
2023-11-22 08:00:00+00:00,2023-11-22 15:33:47+00:00,2023-11-23 00:23:38+00:00
2023-11-23 08:00:00+00:00,2023-11-23 15:35:16+00:00,2023-11-24 00:22:42+00:00
2023-11-24 08:00:00+00:00,2023-11-24 15:36:45+00:00,2023-11-25 00:21:48+00:00
2023-11-25 08:00:00+00:00,2023-11-25 15:38:13+00:00,2023-11-26 00:20:57+00:00
2023-11-26 08:00:00+00:00,2023-11-26 15:39:39+00:00,2023-11-27 00:20:09+00:00
2023-11-27 08:00:00+00:00,2023-11-27 15:41:04+00:00,2023-11-28 00:19:23+00:00
2023-11-28 08:00:00+00:00,2023-11-28 15:42:27+00:00,2023-11-29 00:18:40+00:00
2023-11-29 08:00:00+00:00,2023-11-29 15:43:48+00:00,2023-11-30 00:18:00+00:00
2023-11-30 08:00:00+00:00,2023-11-30 15:45:07+00:00,2023-12-01 00:17:22+00:00
2023-12-01 08:00:00+00:00,2023-12-01 15:46:24+00:00,2023-12-02 00:16:48+00:00
2023-12-02 08:00:00+00:00,2023-12-02 15:47:39+00:00,2023-12-03 00:16:17+00:00
2023-12-03 08:00:00+00:00,2023-12-03 15:48:51+00:00,2023-12-04 00:15:49+00:00
2023-12-04 08:00:00+00:00,2023-12-04 15:50:01+00:00,2023-12-05 00:15:24+00:00
2023-12-05 08:00:00+00:00,2023-12-05 15:51:10+00:00,2023-12-06 00:15:03+00:00
2023-12-06 08:00:00+00:00,2023-12-06 15:52:17+00:00,2023-12-07 00:14:45+00:00
2023-12-07 08:00:00+00:00,2023-12-07 15:53:24+00:00,2023-12-08 00:14:30+00:00
2023-12-08 08:00:00+00:00,2023-12-08 15:54:28+00:00,2023-12-09 00:14:18+00:00
2023-12-09 08:00:00+00:00,2023-12-09 15:55:31+00:00,2023-12-10 00:14:09+00:00
2023-12-10 08:00:00+00:00,2023-12-10 15:56:33+00:00,2023-12-11 00:14:04+00:00
2023-12-11 08:00:00+00:00,2023-12-11 15:57:32+00:00,2023-12-12 00:14:01+00:00
2023-12-12 08:00:00+00:00,2023-12-12 15:58:29+00:00,2023-12-13 00:14:02+00:00
2023-12-13 08:00:00+00:00,2023-12-13 15:59:24+00:00,2023-12-14 00:14:05+00:00
2023-12-14 08:00:00+00:00,2023-12-14 16:00:16+00:00,2023-12-15 00:14:12+00:00
2023-12-15 08:00:00+00:00,2023-12-15 16:01:06+00:00,2023-12-16 00:14:21+00:00
2023-12-16 08:00:00+00:00,2023-12-16 16:01:54+00:00,2023-12-17 00:14:33+00:00
2023-12-17 08:00:00+00:00,2023-12-17 16:02:38+00:00,2023-12-18 00:14:49+00:00
2023-12-18 08:00:00+00:00,2023-12-18 16:03:20+00:00,2023-12-19 00:15:06+00:00
2023-12-19 08:00:00+00:00,2023-12-19 16:03:58+00:00,2023-12-20 00:15:27+00:00
2023-12-20 08:00:00+00:00,2023-12-20 16:04:33+00:00,2023-12-21 00:15:51+00:00
2023-12-21 08:00:00+00:00,2023-12-21 16:05:05+00:00,2023-12-22 00:16:17+00:00
2023-12-22 08:00:00+00:00,2023-12-22 16:05:33+00:00,2023-12-23 00:16:45+00:00
2023-12-23 08:00:00+00:00,2023-12-23 16:05:58+00:00,2023-12-24 00:17:17+00:00
2023-12-24 08:00:00+00:00,2023-12-24 16:06:20+00:00,2023-12-25 00:17:51+00:00
2023-12-25 08:00:00+00:00,2023-12-25 16:06:38+00:00,2023-12-26 00:18:29+00:00
2023-12-26 08:00:00+00:00,2023-12-26 16:06:54+00:00,2023-12-27 00:19:10+00:00
2023-12-27 08:00:00+00:00,2023-12-27 16:07:08+00:00,2023-12-28 00:19:55+00:00
2023-12-28 08:00:00+00:00,2023-12-28 16:07:18+00:00,2023-12-29 00:20:43+00:00
2023-12-29 08:00:00+00:00,2023-12-29 16:07:26+00:00,2023-12-30 00:21:33+00:00
2023-12-30 08:00:00+00:00,2023-12-30 16:07:31+00:00,2023-12-31 00:22:27+00:00
2023-12-31 08:00:00+00:00,2023-12-31 16:07:33+00:00,2024-01-01 00:23:24+00:00
2024-01-01 08:00:00+00:00,2024-01-01 16:07:32+00:00,2024-01-02 00:24:23+00:00
2024-01-02 08:00:00+00:00,2024-01-02 16:07:28+00:00,2024-01-03 00:25:25+00:00
2024-01-03 08:00:00+00:00,2024-01-03 16:07:22+00:00,2024-01-04 00:26:28+00:00
2024-01-04 08:00:00+00:00,2024-01-04 16:07:12+00:00,2024-01-05 00:27:34+00:00
2024-01-05 08:00:00+00:00,2024-01-05 16:07:00+00:00,2024-01-06 00:28:43+00:00
2024-01-06 08:00:00+00:00,2024-01-06 16:06:44+00:00,2024-01-07 00:29:52+00:00
2024-01-07 08:00:00+00:00,2024-01-07 16:06:26+00:00,2024-01-08 00:31:04+00:00
2024-01-08 08:00:00+00:00,2024-01-08 16:06:05+00:00,2024-01-09 00:32:17+00:00
2024-01-09 08:00:00+00:00,2024-01-09 16:05:40+00:00,2024-01-10 00:33:32+00:00
2024-01-10 08:00:00+00:00,2024-01-10 16:05:13+00:00,2024-01-11 00:34:48+00:00
2024-01-11 08:00:00+00:00,2024-01-11 16:04:43+00:00,2024-01-12 00:36:05+00:00
2024-01-12 08:00:00+00:00,2024-01-12 16:04:10+00:00,2024-01-13 00:37:23+00:00
2024-01-13 08:00:00+00:00,2024-01-13 16:03:33+00:00,2024-01-14 00:38:42+00:00
2024-01-14 08:00:00+00:00,2024-01-14 16:02:53+00:00,2024-01-15 00:40:03+00:00
2024-01-15 08:00:00+00:00,2024-01-15 16:02:11+00:00,2024-01-16 00:41:27+00:00
2024-01-16 08:00:00+00:00,2024-01-16 16:01:25+00:00,2024-01-17 00:42:53+00:00
2024-01-17 08:00:00+00:00,2024-01-17 16:00:37+00:00,2024-01-18 00:44:21+00:00
2024-01-18 08:00:00+00:00,2024-01-18 15:59:45+00:00,2024-01-19 00:45:50+00:00
2024-01-19 08:00:00+00:00,2024-01-19 15:58:51+00:00,2024-01-20 00:47:21+00:00
2024-01-20 08:00:00+00:00,2024-01-20 15:57:55+00:00,2024-01-21 00:48:54+00:00
2024-01-21 08:00:00+00:00,2024-01-21 15:56:56+00:00,2024-01-22 00:50:27+00:00
2024-01-22 08:00:00+00:00,2024-01-22 15:55:55+00:00,2024-01-23 00:52:02+00:00
2024-01-23 08:00:00+00:00,2024-01-23 15:54:51+00:00,2024-01-24 00:53:37+00:00
2024-01-24 08:00:00+00:00,2024-01-24 15:53:45+00:00,2024-01-25 00:55:14+00:00
2024-01-25 08:00:00+00:00,2024-01-25 15:52:37+00:00,2024-01-26 00:56:51+00:00
2024-01-26 08:00:00+00:00,2024-01-26 15:51:27+00:00,2024-01-27 00:58:28+00:00
2024-01-27 08:00:00+00:00,2024-01-27 15:50:15+00:00,2024-01-28 01:00:06+00:00
2024-01-28 08:00:00+00:00,2024-01-28 15:49:02+00:00,2024-01-29 01:01:44+00:00
2024-01-29 08:00:00+00:00,2024-01-29 15:47:46+00:00,2024-01-30 01:03:22+00:00
2024-01-30 08:00:00+00:00,2024-01-30 15:46:29+00:00,2024-01-31 01:05:00+00:00
2024-01-31 08:00:00+00:00,2024-01-31 15:45:10+00:00,2024-02-01 01:06:38+00:00
2024-02-01 08:00:00+00:00,2024-02-01 15:43:49+00:00,2024-02-02 01:08:16+00:00
2024-02-02 08:00:00+00:00,2024-02-02 15:42:27+00:00,2024-02-03 01:09:54+00:00
2024-02-03 08:00:00+00:00,2024-02-03 15:41:02+00:00,2024-02-04 01:11:32+00:00
2024-02-04 08:00:00+00:00,2024-02-04 15:39:34+00:00,2024-02-05 01:13:11+00:00
2024-02-05 08:00:00+00:00,2024-02-05 15:38:04+00:00,2024-02-06 01:14:51+00:00
2024-02-06 08:00:00+00:00,2024-02-06 15:36:32+00:00,2024-02-07 01:16:31+00:00
2024-02-07 08:00:00+00:00,2024-02-07 15:34:58+00:00,2024-02-08 01:18:12+00:00
2024-02-08 08:00:00+00:00,2024-02-08 15:33:21+00:00,2024-02-09 01:19:53+00:00
2024-02-09 08:00:00+00:00,2024-02-09 15:31:43+00:00,2024-02-10 01:21:34+00:00
2024-02-10 08:00:00+00:00,2024-02-10 15:30:04+00:00,2024-02-11 01:23:16+00:00
2024-02-11 08:00:00+00:00,2024-02-11 15:28:22+00:00,2024-02-12 01:24:58+00:00
2024-02-12 08:00:00+00:00,2024-02-12 15:26:40+00:00,2024-02-13 01:26:39+00:00
2024-02-13 08:00:00+00:00,2024-02-13 15:24:56+00:00,2024-02-14 01:28:21+00:00
2024-02-14 08:00:00+00:00,2024-02-14 15:23:11+00:00,2024-02-15 01:30:02+00:00
2024-02-15 08:00:00+00:00,2024-02-15 15:21:25+00:00,2024-02-16 01:31:43+00:00
2024-02-16 08:00:00+00:00,2024-02-16 15:19:38+00:00,2024-02-17 01:33:24+00:00
2024-02-17 08:00:00+00:00,2024-02-17 15:17:50+00:00,2024-02-18 01:35:04+00:00
2024-02-18 08:00:00+00:00,2024-02-18 15:16:02+00:00,2024-02-19 01:36:44+00:00
2024-02-19 08:00:00+00:00,2024-02-19 15:14:13+00:00,2024-02-20 01:38:23+00:00
2024-02-20 08:00:00+00:00,2024-02-20 15:12:23+00:00,2024-02-21 01:40:02+00:00
2024-02-21 08:00:00+00:00,2024-02-21 15:10:33+00:00,2024-02-22 01:41:40+00:00
2024-02-22 08:00:00+00:00,2024-02-22 15:08:43+00:00,2024-02-23 01:43:18+00:00
2024-02-23 08:00:00+00:00,2024-02-23 15:06:50+00:00,2024-02-24 01:44:56+00:00
2024-02-24 08:00:00+00:00,2024-02-24 15:04:56+00:00,2024-02-25 01:46:33+00:00
2024-02-25 08:00:00+00:00,2024-02-25 15:03:00+00:00,2024-02-26 01:48:11+00:00
2024-02-26 08:00:00+00:00,2024-02-26 15:01:03+00:00,2024-02-27 01:49:49+00:00
2024-02-27 08:00:00+00:00,2024-02-27 14:59:04+00:00,2024-02-28 01:51:26+00:00
2024-02-28 08:00:00+00:00,2024-02-28 14:57:04+00:00,2024-02-29 01:53:04+00:00
2024-02-29 08:00:00+00:00,2024-02-29 14:55:03+00:00,2024-03-01 01:54:41+00:00
2024-03-01 08:00:00+00:00,2024-03-01 14:53:01+00:00,2024-03-02 01:56:18+00:00
2024-03-02 08:00:00+00:00,2024-03-02 14:50:59+00:00,2024-03-03 01:57:55+00:00
2024-03-03 08:00:00+00:00,2024-03-03 14:48:55+00:00,2024-03-04 01:59:31+00:00
2024-03-04 08:00:00+00:00,2024-03-04 14:46:51+00:00,2024-03-05 02:01:07+00:00
2024-03-05 08:00:00+00:00,2024-03-05 14:44:47+00:00,2024-03-06 02:02:43+00:00
2024-03-06 08:00:00+00:00,2024-03-06 14:42:43+00:00,2024-03-07 02:04:19+00:00
2024-03-07 08:00:00+00:00,2024-03-07 14:40:38+00:00,2024-03-08 02:05:54+00:00
2024-03-08 08:00:00+00:00,2024-03-08 14:38:33+00:00,2024-03-09 02:07:29+00:00
2024-03-09 08:00:00+00:00,2024-03-09 14:36:29+00:00,2024-03-10 02:09:04+00:00
2024-03-10 08:00:00+00:00,2024-03-10 14:34:24+00:00,2024-03-11 02:10:38+00:00
2024-03-11 08:00:00+00:00,2024-03-11 14:32:20+00:00,2024-03-12 02:12:12+00:00
2024-03-12 08:00:00+00:00,2024-03-12 14:30:17+00:00,2024-03-13 02:13:45+00:00
2024-03-13 08:00:00+00:00,2024-03-13 14:28:13+00:00,2024-03-14 02:15:18+00:00
2024-03-14 08:00:00+00:00,2024-03-14 14:26:08+00:00,2024-03-15 02:16:51+00:00
2024-03-15 08:00:00+00:00,2024-03-15 14:24:03+00:00,2024-03-16 02:18:24+00:00
2024-03-16 08:00:00+00:00,2024-03-16 14:21:56+00:00,2024-03-17 02:19:57+00:00
2024-03-17 08:00:00+00:00,2024-03-17 14:19:49+00:00,2024-03-18 02:21:30+00:00
2024-03-18 08:00:00+00:00,2024-03-18 14:17:40+00:00,2024-03-19 02:23:02+00:00
2024-03-19 08:00:00+00:00,2024-03-19 14:15:32+00:00,2024-03-20 02:24:35+00:00
2024-03-20 08:00:00+00:00,2024-03-20 14:13:23+00:00,2024-03-21 02:26:07+00:00
2024-03-21 08:00:00+00:00,2024-03-21 14:11:13+00:00,2024-03-22 02:27:40+00:00
2024-03-22 08:00:00+00:00,2024-03-22 14:09:04+00:00,2024-03-23 02:29:12+00:00
2024-03-23 08:00:00+00:00,2024-03-23 14:06:54+00:00,2024-03-24 02:30:44+00:00
2024-03-24 08:00:00+00:00,2024-03-24 14:04:45+00:00,2024-03-25 02:32:16+00:00
2024-03-25 08:00:00+00:00,2024-03-25 14:02:35+00:00,2024-03-26 02:33:48+00:00
2024-03-26 08:00:00+00:00,2024-03-26 14:00:26+00:00,2024-03-27 02:35:20+00:00
2024-03-27 08:00:00+00:00,2024-03-27 13:58:18+00:00,2024-03-28 02:36:51+00:00
2024-03-28 08:00:00+00:00,2024-03-28 13:56:10+00:00,2024-03-29 02:38:23+00:00
2024-03-29 08:00:00+00:00,2024-03-29 13:54:03+00:00,2024-03-30 02:39:54+00:00
2024-03-30 08:00:00+00:00,2024-03-30 13:51:57+00:00,2024-03-31 02:41:25+00:00
2024-03-31 08:00:00+00:00,2024-03-31 13:49:51+00:00,2024-04-01 02:42:56+00:00
2024-04-01 08:00:00+00:00,2024-04-01 13:47:47+00:00,2024-04-02 02:44:27+00:00
2024-04-02 08:00:00+00:00,2024-04-02 13:45:43+00:00,2024-04-03 02:45:58+00:00
2024-04-03 08:00:00+00:00,2024-04-03 13:43:39+00:00,2024-04-04 02:47:28+00:00
2024-04-04 08:00:00+00:00,2024-04-04 13:41:35+00:00,2024-04-05 02:48:59+00:00
2024-04-05 08:00:00+00:00,2024-04-05 13:39:30+00:00,2024-04-06 02:50:30+00:00
2024-04-06 08:00:00+00:00,2024-04-06 13:37:26+00:00,2024-04-07 02:52:02+00:00
2024-04-07 08:00:00+00:00,2024-04-07 13:35:21+00:00,2024-04-08 02:53:33+00:00
2024-04-08 08:00:00+00:00,2024-04-08 13:33:16+00:00,2024-04-09 02:55:04+00:00
2024-04-09 08:00:00+00:00,2024-04-09 13:31:12+00:00,2024-04-10 02:56:36+00:00
2024-04-10 08:00:00+00:00,2024-04-10 13:29:08+00:00,2024-04-11 02:58:07+00:00
2024-04-11 08:00:00+00:00,2024-04-11 13:27:04+00:00,2024-04-12 02:59:39+00:00
2024-04-12 08:00:00+00:00,2024-04-12 13:25:01+00:00,2024-04-13 03:01:10+00:00
2024-04-13 08:00:00+00:00,2024-04-13 13:22:59+00:00,2024-04-14 03:02:42+00:00
2024-04-14 08:00:00+00:00,2024-04-14 13:20:57+00:00,2024-04-15 03:04:13+00:00
2024-04-15 08:00:00+00:00,2024-04-15 13:18:57+00:00,2024-04-16 03:05:44+00:00
2024-04-16 08:00:00+00:00,2024-04-16 13:16:57+00:00,2024-04-17 03:07:15+00:00
2024-04-17 08:00:00+00:00,2024-04-17 13:14:59+00:00,2024-04-18 03:08:46+00:00
2024-04-18 08:00:00+00:00,2024-04-18 13:13:02+00:00,2024-04-19 03:10:17+00:00
2024-04-19 08:00:00+00:00,2024-04-19 13:11:06+00:00,2024-04-20 03:11:47+00:00
2024-04-20 08:00:00+00:00,2024-04-20 13:09:12+00:00,2024-04-21 03:13:17+00:00
2024-04-21 08:00:00+00:00,2024-04-21 13:07:20+00:00,2024-04-22 03:14:47+00:00
2024-04-22 08:00:00+00:00,2024-04-22 13:05:29+00:00,2024-04-23 03:16:17+00:00
2024-04-23 08:00:00+00:00,2024-04-23 13:03:38+00:00,2024-04-24 03:17:47+00:00
2024-04-24 08:00:00+00:00,2024-04-24 13:01:48+00:00,2024-04-25 03:19:17+00:00
2024-04-25 08:00:00+00:00,2024-04-25 12:59:58+00:00,2024-04-26 03:20:47+00:00
2024-04-26 08:00:00+00:00,2024-04-26 12:58:10+00:00,2024-04-27 03:22:17+00:00
2024-04-27 08:00:00+00:00,2024-04-27 12:56:22+00:00,2024-04-28 03:23:48+00:00
2024-04-28 08:00:00+00:00,2024-04-28 12:54:35+00:00,2024-04-29 03:25:18+00:00
2024-04-29 08:00:00+00:00,2024-04-29 12:52:49+00:00,2024-04-30 03:26:48+00:00
2024-04-30 08:00:00+00:00,2024-04-30 12:51:04+00:00,2024-05-01 03:28:18+00:00
2024-05-01 08:00:00+00:00,2024-05-01 12:49:20+00:00,2024-05-02 03:29:48+00:00
2024-05-02 08:00:00+00:00,2024-05-02 12:47:37+00:00,2024-05-03 03:31:18+00:00
2024-05-03 08:00:00+00:00,2024-05-03 12:45:56+00:00,2024-05-04 03:32:47+00:00
2024-05-04 08:00:00+00:00,2024-05-04 12:44:16+00:00,2024-05-05 03:34:15+00:00
2024-05-05 08:00:00+00:00,2024-05-05 12:42:38+00:00,2024-05-06 03:35:43+00:00
2024-05-06 08:00:00+00:00,2024-05-06 12:41:02+00:00,2024-05-07 03:37:11+00:00
2024-05-07 08:00:00+00:00,2024-05-07 12:39:28+00:00,2024-05-08 03:38:37+00:00
2024-05-08 08:00:00+00:00,2024-05-08 12:37:55+00:00,2024-05-09 03:40:03+00:00
2024-05-09 08:00:00+00:00,2024-05-09 12:36:25+00:00,2024-05-10 03:41:28+00:00
2024-05-10 08:00:00+00:00,2024-05-10 12:34:57+00:00,2024-05-11 03:42:52+00:00
2024-05-11 08:00:00+00:00,2024-05-11 12:33:31+00:00,2024-05-12 03:44:15+00:00
2024-05-12 08:00:00+00:00,2024-05-12 12:32:07+00:00,2024-05-13 03:45:37+00:00
2024-05-13 08:00:00+00:00,2024-05-13 12:30:45+00:00,2024-05-14 03:46:59+00:00
2024-05-14 08:00:00+00:00,2024-05-14 12:29:25+00:00,2024-05-15 03:48:21+00:00
2024-05-15 08:00:00+00:00,2024-05-15 12:28:06+00:00,2024-05-16 03:49:42+00:00
2024-05-16 08:00:00+00:00,2024-05-16 12:26:49+00:00,2024-05-17 03:51:03+00:00
2024-05-17 08:00:00+00:00,2024-05-17 12:25:34+00:00,2024-05-18 03:52:23+00:00
2024-05-18 08:00:00+00:00,2024-05-18 12:24:21+00:00,2024-05-19 03:53:42+00:00
2024-05-19 08:00:00+00:00,2024-05-19 12:23:09+00:00,2024-05-20 03:55:01+00:00
2024-05-20 08:00:00+00:00,2024-05-20 12:22:00+00:00,2024-05-21 03:56:19+00:00
2024-05-21 08:00:00+00:00,2024-05-21 12:20:52+00:00,2024-05-22 03:57:35+00:00
2024-05-22 08:00:00+00:00,2024-05-22 12:19:47+00:00,2024-05-23 03:58:50+00:00
2024-05-23 08:00:00+00:00,2024-05-23 12:18:44+00:00,2024-05-24 04:00:04+00:00
2024-05-24 08:00:00+00:00,2024-05-24 12:17:43+00:00,2024-05-25 04:01:17+00:00
2024-05-25 08:00:00+00:00,2024-05-25 12:16:45+00:00,2024-05-26 04:02:28+00:00
2024-05-26 08:00:00+00:00,2024-05-26 12:15:49+00:00,2024-05-27 04:03:37+00:00
2024-05-27 08:00:00+00:00,2024-05-27 12:14:55+00:00,2024-05-28 04:04:45+00:00
2024-05-28 08:00:00+00:00,2024-05-28 12:14:04+00:00,2024-05-29 04:05:50+00:00
2024-05-29 08:00:00+00:00,2024-05-29 12:13:16+00:00,2024-05-30 04:06:54+00:00
2024-05-30 08:00:00+00:00,2024-05-30 12:12:30+00:00,2024-05-31 04:07:55+00:00
2024-05-31 08:00:00+00:00,2024-05-31 12:11:47+00:00,2024-06-01 04:08:54+00:00
2024-06-01 08:00:00+00:00,2024-06-01 12:11:07+00:00,2024-06-02 04:09:51+00:00
2024-06-02 08:00:00+00:00,2024-06-02 12:10:30+00:00,2024-06-03 04:10:46+00:00
2024-06-03 08:00:00+00:00,2024-06-03 12:09:56+00:00,2024-06-04 04:11:40+00:00
2024-06-04 08:00:00+00:00,2024-06-04 12:09:24+00:00,2024-06-05 04:12:33+00:00
2024-06-05 08:00:00+00:00,2024-06-05 12:08:55+00:00,2024-06-06 04:13:24+00:00
2024-06-06 08:00:00+00:00,2024-06-06 12:08:29+00:00,2024-06-07 04:14:13+00:00
2024-06-07 08:00:00+00:00,2024-06-07 12:08:05+00:00,2024-06-08 04:15:00+00:00
2024-06-08 08:00:00+00:00,2024-06-08 12:07:45+00:00,2024-06-09 04:15:46+00:00
2024-06-09 08:00:00+00:00,2024-06-09 12:07:27+00:00,2024-06-10 04:16:29+00:00
2024-06-10 08:00:00+00:00,2024-06-10 12:07:11+00:00,2024-06-11 04:17:10+00:00
2024-06-11 08:00:00+00:00,2024-06-11 12:06:59+00:00,2024-06-12 04:17:48+00:00
2024-06-12 08:00:00+00:00,2024-06-12 12:06:49+00:00,2024-06-13 04:18:25+00:00
2024-06-13 08:00:00+00:00,2024-06-13 12:06:41+00:00,2024-06-14 04:18:59+00:00
2024-06-14 08:00:00+00:00,2024-06-14 12:06:36+00:00,2024-06-15 04:19:30+00:00
2024-06-15 08:00:00+00:00,2024-06-15 12:06:34+00:00,2024-06-16 04:19:58+00:00
2024-06-16 08:00:00+00:00,2024-06-16 12:06:34+00:00,2024-06-17 04:20:24+00:00
2024-06-17 08:00:00+00:00,2024-06-17 12:06:37+00:00,2024-06-18 04:20:46+00:00
2024-06-18 08:00:00+00:00,2024-06-18 12:06:42+00:00,2024-06-19 04:21:06+00:00
2024-06-19 08:00:00+00:00,2024-06-19 12:06:50+00:00,2024-06-20 04:21:23+00:00
2024-06-20 08:00:00+00:00,2024-06-20 12:07:01+00:00,2024-06-21 04:21:36+00:00
2024-06-21 08:00:00+00:00,2024-06-21 12:07:13+00:00,2024-06-22 04:21:47+00:00
2024-06-22 08:00:00+00:00,2024-06-22 12:07:30+00:00,2024-06-23 04:21:54+00:00
2024-06-23 08:00:00+00:00,2024-06-23 12:07:49+00:00,2024-06-24 04:22:00+00:00
2024-06-24 08:00:00+00:00,2024-06-24 12:08:11+00:00,2024-06-25 04:22:03+00:00
2024-06-25 08:00:00+00:00,2024-06-25 12:08:36+00:00,2024-06-26 04:22:03+00:00
2024-06-26 08:00:00+00:00,2024-06-26 12:09:04+00:00,2024-06-27 04:22:00+00:00
2024-06-27 08:00:00+00:00,2024-06-27 12:09:34+00:00,2024-06-28 04:21:55+00:00
2024-06-28 08:00:00+00:00,2024-06-28 12:10:07+00:00,2024-06-29 04:21:47+00:00
2024-06-29 08:00:00+00:00,2024-06-29 12:10:43+00:00,2024-06-30 04:21:37+00:00
2024-06-30 08:00:00+00:00,2024-06-30 12:11:21+00:00,2024-07-01 04:21:23+00:00
2024-07-01 08:00:00+00:00,2024-07-01 12:12:01+00:00,2024-07-02 04:21:07+00:00
2024-07-02 08:00:00+00:00,2024-07-02 12:12:43+00:00,2024-07-03 04:20:49+00:00
2024-07-03 08:00:00+00:00,2024-07-03 12:13:27+00:00,2024-07-04 04:20:27+00:00
2024-07-04 08:00:00+00:00,2024-07-04 12:14:14+00:00,2024-07-05 04:20:03+00:00
2024-07-05 08:00:00+00:00,2024-07-05 12:15:02+00:00,2024-07-06 04:19:37+00:00
2024-07-06 08:00:00+00:00,2024-07-06 12:15:51+00:00,2024-07-07 04:19:07+00:00
2024-07-07 08:00:00+00:00,2024-07-07 12:16:43+00:00,2024-07-08 04:18:35+00:00
2024-07-08 08:00:00+00:00,2024-07-08 12:17:36+00:00,2024-07-09 04:18:00+00:00
2024-07-09 08:00:00+00:00,2024-07-09 12:18:30+00:00,2024-07-10 04:17:22+00:00
2024-07-10 08:00:00+00:00,2024-07-10 12:19:25+00:00,2024-07-11 04:16:41+00:00
2024-07-11 08:00:00+00:00,2024-07-11 12:20:22+00:00,2024-07-12 04:15:58+00:00
2024-07-12 08:00:00+00:00,2024-07-12 12:21:21+00:00,2024-07-13 04:15:12+00:00
2024-07-13 08:00:00+00:00,2024-07-13 12:22:23+00:00,2024-07-14 04:14:23+00:00
2024-07-14 08:00:00+00:00,2024-07-14 12:23:26+00:00,2024-07-15 04:13:31+00:00
2024-07-15 08:00:00+00:00,2024-07-15 12:24:31+00:00,2024-07-16 04:12:37+00:00
2024-07-16 08:00:00+00:00,2024-07-16 12:25:38+00:00,2024-07-17 04:11:40+00:00
2024-07-17 08:00:00+00:00,2024-07-17 12:26:47+00:00,2024-07-18 04:10:41+00:00
2024-07-18 08:00:00+00:00,2024-07-18 12:27:57+00:00,2024-07-19 04:09:39+00:00
2024-07-19 08:00:00+00:00,2024-07-19 12:29:08+00:00,2024-07-20 04:08:35+00:00
2024-07-20 08:00:00+00:00,2024-07-20 12:30:21+00:00,2024-07-21 04:07:29+00:00
2024-07-21 08:00:00+00:00,2024-07-21 12:31:35+00:00,2024-07-22 04:06:20+00:00
2024-07-22 08:00:00+00:00,2024-07-22 12:32:50+00:00,2024-07-23 04:05:10+00:00
2024-07-23 08:00:00+00:00,2024-07-23 12:34:06+00:00,2024-07-24 04:03:57+00:00
2024-07-24 08:00:00+00:00,2024-07-24 12:35:23+00:00,2024-07-25 04:02:43+00:00
2024-07-25 08:00:00+00:00,2024-07-25 12:36:40+00:00,2024-07-26 04:01:27+00:00
2024-07-26 08:00:00+00:00,2024-07-26 12:37:58+00:00,2024-07-27 04:00:09+00:00
2024-07-27 08:00:00+00:00,2024-07-27 12:39:16+00:00,2024-07-28 03:58:49+00:00
2024-07-28 08:00:00+00:00,2024-07-28 12:40:35+00:00,2024-07-29 03:57:27+00:00
2024-07-29 08:00:00+00:00,2024-07-29 12:41:54+00:00,2024-07-30 03:56:04+00:00
2024-07-30 08:00:00+00:00,2024-07-30 12:43:13+00:00,2024-07-31 03:54:40+00:00
2024-07-31 08:00:00+00:00,2024-07-31 12:44:33+00:00,2024-08-01 03:53:13+00:00
2024-08-01 08:00:00+00:00,2024-08-01 12:45:53+00:00,2024-08-02 03:51:44+00:00
2024-08-02 08:00:00+00:00,2024-08-02 12:47:15+00:00,2024-08-03 03:50:13+00:00
2024-08-03 08:00:00+00:00,2024-08-03 12:48:37+00:00,2024-08-04 03:48:40+00:00
2024-08-04 08:00:00+00:00,2024-08-04 12:50:00+00:00,2024-08-05 03:47:04+00:00
2024-08-05 08:00:00+00:00,2024-08-05 12:51:24+00:00,2024-08-06 03:45:27+00:00
2024-08-06 08:00:00+00:00,2024-08-06 12:52:48+00:00,2024-08-07 03:43:48+00:00
2024-08-07 08:00:00+00:00,2024-08-07 12:54:13+00:00,2024-08-08 03:42:08+00:00
2024-08-08 08:00:00+00:00,2024-08-08 12:55:38+00:00,2024-08-09 03:40:26+00:00
2024-08-09 08:00:00+00:00,2024-08-09 12:57:04+00:00,2024-08-10 03:38:42+00:00
2024-08-10 08:00:00+00:00,2024-08-10 12:58:30+00:00,2024-08-11 03:36:57+00:00
2024-08-11 08:00:00+00:00,2024-08-11 12:59:56+00:00,2024-08-12 03:35:11+00:00
2024-08-12 08:00:00+00:00,2024-08-12 13:01:22+00:00,2024-08-13 03:33:24+00:00
2024-08-13 08:00:00+00:00,2024-08-13 13:02:48+00:00,2024-08-14 03:31:35+00:00
2024-08-14 08:00:00+00:00,2024-08-14 13:04:15+00:00,2024-08-15 03:29:46+00:00
2024-08-15 08:00:00+00:00,2024-08-15 13:05:41+00:00,2024-08-16 03:27:56+00:00
2024-08-16 08:00:00+00:00,2024-08-16 13:07:07+00:00,2024-08-17 03:26:05+00:00
2024-08-17 08:00:00+00:00,2024-08-17 13:08:33+00:00,2024-08-18 03:24:14+00:00
2024-08-18 08:00:00+00:00,2024-08-18 13:09:59+00:00,2024-08-19 03:22:22+00:00
2024-08-19 08:00:00+00:00,2024-08-19 13:11:24+00:00,2024-08-20 03:20:30+00:00
2024-08-20 08:00:00+00:00,2024-08-20 13:12:50+00:00,2024-08-21 03:18:37+00:00
2024-08-21 08:00:00+00:00,2024-08-21 13:14:16+00:00,2024-08-22 03:16:42+00:00
2024-08-22 08:00:00+00:00,2024-08-22 13:15:42+00:00,2024-08-23 03:14:45+00:00
2024-08-23 08:00:00+00:00,2024-08-23 13:17:08+00:00,2024-08-24 03:12:47+00:00
2024-08-24 08:00:00+00:00,2024-08-24 13:18:34+00:00,2024-08-25 03:10:48+00:00
2024-08-25 08:00:00+00:00,2024-08-25 13:20:01+00:00,2024-08-26 03:08:47+00:00
2024-08-26 08:00:00+00:00,2024-08-26 13:21:27+00:00,2024-08-27 03:06:45+00:00
2024-08-27 08:00:00+00:00,2024-08-27 13:22:54+00:00,2024-08-28 03:04:43+00:00
2024-08-28 08:00:00+00:00,2024-08-28 13:24:21+00:00,2024-08-29 03:02:39+00:00
2024-08-29 08:00:00+00:00,2024-08-29 13:25:47+00:00,2024-08-30 03:00:35+00:00
2024-08-30 08:00:00+00:00,2024-08-30 13:27:14+00:00,2024-08-31 02:58:30+00:00
2024-08-31 08:00:00+00:00,2024-08-31 13:28:41+00:00,2024-09-01 02:56:25+00:00
2024-09-01 08:00:00+00:00,2024-09-01 13:30:07+00:00,2024-09-02 02:54:19+00:00
2024-09-02 08:00:00+00:00,2024-09-02 13:31:34+00:00,2024-09-03 02:52:13+00:00
2024-09-03 08:00:00+00:00,2024-09-03 13:33:00+00:00,2024-09-04 02:50:07+00:00
2024-09-04 08:00:00+00:00,2024-09-04 13:34:27+00:00,2024-09-05 02:48:00+00:00
2024-09-05 08:00:00+00:00,2024-09-05 13:35:53+00:00,2024-09-06 02:45:54+00:00
2024-09-06 08:00:00+00:00,2024-09-06 13:37:19+00:00,2024-09-07 02:43:48+00:00
2024-09-07 08:00:00+00:00,2024-09-07 13:38:45+00:00,2024-09-08 02:41:43+00:00
2024-09-08 08:00:00+00:00,2024-09-08 13:40:11+00:00,2024-09-09 02:39:37+00:00
2024-09-09 08:00:00+00:00,2024-09-09 13:41:37+00:00,2024-09-10 02:37:32+00:00
2024-09-10 08:00:00+00:00,2024-09-10 13:43:03+00:00,2024-09-11 02:35:25+00:00
2024-09-11 08:00:00+00:00,2024-09-11 13:44:29+00:00,2024-09-12 02:33:17+00:00
2024-09-12 08:00:00+00:00,2024-09-12 13:45:55+00:00,2024-09-13 02:31:09+00:00
2024-09-13 08:00:00+00:00,2024-09-13 13:47:22+00:00,2024-09-14 02:29:00+00:00
2024-09-14 08:00:00+00:00,2024-09-14 13:48:48+00:00,2024-09-15 02:26:50+00:00
2024-09-15 08:00:00+00:00,2024-09-15 13:50:15+00:00,2024-09-16 02:24:39+00:00
2024-09-16 08:00:00+00:00,2024-09-16 13:51:42+00:00,2024-09-17 02:22:29+00:00
2024-09-17 08:00:00+00:00,2024-09-17 13:53:08+00:00,2024-09-18 02:20:18+00:00
2024-09-18 08:00:00+00:00,2024-09-18 13:54:35+00:00,2024-09-19 02:18:07+00:00
2024-09-19 08:00:00+00:00,2024-09-19 13:56:02+00:00,2024-09-20 02:15:55+00:00
2024-09-20 08:00:00+00:00,2024-09-20 13:57:30+00:00,2024-09-21 02:13:44+00:00
2024-09-21 08:00:00+00:00,2024-09-21 13:58:57+00:00,2024-09-22 02:11:33+00:00
2024-09-22 08:00:00+00:00,2024-09-22 14:00:24+00:00,2024-09-23 02:09:23+00:00
2024-09-23 08:00:00+00:00,2024-09-23 14:01:52+00:00,2024-09-24 02:07:13+00:00
2024-09-24 08:00:00+00:00,2024-09-24 14:03:19+00:00,2024-09-25 02:05:03+00:00
2024-09-25 08:00:00+00:00,2024-09-25 14:04:47+00:00,2024-09-26 02:02:55+00:00
2024-09-26 08:00:00+00:00,2024-09-26 14:06:15+00:00,2024-09-27 02:00:47+00:00
2024-09-27 08:00:00+00:00,2024-09-27 14:07:43+00:00,2024-09-28 01:58:40+00:00
2024-09-28 08:00:00+00:00,2024-09-28 14:09:10+00:00,2024-09-29 01:56:34+00:00
2024-09-29 08:00:00+00:00,2024-09-29 14:10:39+00:00,2024-09-30 01:54:29+00:00
2024-09-30 08:00:00+00:00,2024-09-30 14:12:07+00:00,2024-10-01 01:52:23+00:00
2024-10-01 08:00:00+00:00,2024-10-01 14:13:36+00:00,2024-10-02 01:50:16+00:00
2024-10-02 08:00:00+00:00,2024-10-02 14:15:05+00:00,2024-10-03 01:48:10+00:00
2024-10-03 08:00:00+00:00,2024-10-03 14:16:35+00:00,2024-10-04 01:46:03+00:00
2024-10-04 08:00:00+00:00,2024-10-04 14:18:05+00:00,2024-10-05 01:43:56+00:00
2024-10-05 08:00:00+00:00,2024-10-05 14:19:35+00:00,2024-10-06 01:41:50+00:00
2024-10-06 08:00:00+00:00,2024-10-06 14:21:06+00:00,2024-10-07 01:39:43+00:00
2024-10-07 08:00:00+00:00,2024-10-07 14:22:37+00:00,2024-10-08 01:37:37+00:00
2024-10-08 08:00:00+00:00,2024-10-08 14:24:08+00:00,2024-10-09 01:35:31+00:00
2024-10-09 08:00:00+00:00,2024-10-09 14:25:40+00:00,2024-10-10 01:33:26+00:00
2024-10-10 08:00:00+00:00,2024-10-10 14:27:12+00:00,2024-10-11 01:31:22+00:00
2024-10-11 08:00:00+00:00,2024-10-11 14:28:44+00:00,2024-10-12 01:29:18+00:00
2024-10-12 08:00:00+00:00,2024-10-12 14:30:16+00:00,2024-10-13 01:27:15+00:00
2024-10-13 08:00:00+00:00,2024-10-13 14:31:48+00:00,2024-10-14 01:25:14+00:00
2024-10-14 08:00:00+00:00,2024-10-14 14:33:21+00:00,2024-10-15 01:23:14+00:00
2024-10-15 08:00:00+00:00,2024-10-15 14:34:54+00:00,2024-10-16 01:21:15+00:00
2024-10-16 08:00:00+00:00,2024-10-16 14:36:26+00:00,2024-10-17 01:19:17+00:00
2024-10-17 08:00:00+00:00,2024-10-17 14:37:59+00:00,2024-10-18 01:17:22+00:00
2024-10-18 08:00:00+00:00,2024-10-18 14:39:32+00:00,2024-10-19 01:15:28+00:00
2024-10-19 08:00:00+00:00,2024-10-19 14:41:06+00:00,2024-10-20 01:13:35+00:00
2024-10-20 08:00:00+00:00,2024-10-20 14:42:40+00:00,2024-10-21 01:11:42+00:00
2024-10-21 08:00:00+00:00,2024-10-21 14:44:14+00:00,2024-10-22 01:09:50+00:00
2024-10-22 08:00:00+00:00,2024-10-22 14:45:49+00:00,2024-10-23 01:07:59+00:00
2024-10-23 08:00:00+00:00,2024-10-23 14:47:25+00:00,2024-10-24 01:06:08+00:00
2024-10-24 08:00:00+00:00,2024-10-24 14:49:01+00:00,2024-10-25 01:04:17+00:00
2024-10-25 08:00:00+00:00,2024-10-25 14:50:37+00:00,2024-10-26 01:02:28+00:00
2024-10-26 08:00:00+00:00,2024-10-26 14:52:14+00:00,2024-10-27 01:00:39+00:00
2024-10-27 08:00:00+00:00,2024-10-27 14:53:51+00:00,2024-10-28 00:58:52+00:00
2024-10-28 08:00:00+00:00,2024-10-28 14:55:28+00:00,2024-10-29 00:57:05+00:00
2024-10-29 08:00:00+00:00,2024-10-29 14:57:05+00:00,2024-10-30 00:55:20+00:00
2024-10-30 08:00:00+00:00,2024-10-30 14:58:43+00:00,2024-10-31 00:53:37+00:00
2024-10-31 08:00:00+00:00,2024-10-31 15:00:20+00:00,2024-11-01 00:51:55+00:00
2024-11-01 08:00:00+00:00,2024-11-01 15:01:57+00:00,2024-11-02 00:50:14+00:00
2024-11-02 08:00:00+00:00,2024-11-02 15:03:34+00:00,2024-11-03 00:48:36+00:00
2024-11-03 08:00:00+00:00,2024-11-03 15:05:11+00:00,2024-11-04 00:46:59+00:00
2024-11-04 08:00:00+00:00,2024-11-04 15:06:47+00:00,2024-11-05 00:45:25+00:00
2024-11-05 08:00:00+00:00,2024-11-05 15:08:23+00:00,2024-11-06 00:43:53+00:00
2024-11-06 08:00:00+00:00,2024-11-06 15:09:59+00:00,2024-11-07 00:42:23+00:00
2024-11-07 08:00:00+00:00,2024-11-07 15:11:33+00:00,2024-11-08 00:40:56+00:00
2024-11-08 08:00:00+00:00,2024-11-08 15:13:08+00:00,2024-11-09 00:39:31+00:00
2024-11-09 08:00:00+00:00,2024-11-09 15:14:43+00:00,2024-11-10 00:38:08+00:00
2024-11-10 08:00:00+00:00,2024-11-10 15:16:18+00:00,2024-11-11 00:36:45+00:00
2024-11-11 08:00:00+00:00,2024-11-11 15:17:54+00:00,2024-11-12 00:35:25+00:00
2024-11-12 08:00:00+00:00,2024-11-12 15:19:29+00:00,2024-11-13 00:34:06+00:00
2024-11-13 08:00:00+00:00,2024-11-13 15:21:05+00:00,2024-11-14 00:32:49+00:00
2024-11-14 08:00:00+00:00,2024-11-14 15:22:40+00:00,2024-11-15 00:31:34+00:00
2024-11-15 08:00:00+00:00,2024-11-15 15:24:15+00:00,2024-11-16 00:30:21+00:00
2024-11-16 08:00:00+00:00,2024-11-16 15:25:50+00:00,2024-11-17 00:29:09+00:00
2024-11-17 08:00:00+00:00,2024-11-17 15:27:24+00:00,2024-11-18 00:28:00+00:00
2024-11-18 08:00:00+00:00,2024-11-18 15:28:57+00:00,2024-11-19 00:26:53+00:00
2024-11-19 08:00:00+00:00,2024-11-19 15:30:30+00:00,2024-11-20 00:25:49+00:00
2024-11-20 08:00:00+00:00,2024-11-20 15:32:01+00:00,2024-11-21 00:24:46+00:00
2024-11-21 08:00:00+00:00,2024-11-21 15:33:31+00:00,2024-11-22 00:23:47+00:00
2024-11-22 08:00:00+00:00,2024-11-22 15:35:00+00:00,2024-11-23 00:22:49+00:00
2024-11-23 08:00:00+00:00,2024-11-23 15:36:28+00:00,2024-11-24 00:21:55+00:00
2024-11-24 08:00:00+00:00,2024-11-24 15:37:54+00:00,2024-11-25 00:21:03+00:00
2024-11-25 08:00:00+00:00,2024-11-25 15:39:18+00:00,2024-11-26 00:20:15+00:00
2024-11-26 08:00:00+00:00,2024-11-26 15:40:40+00:00,2024-11-27 00:19:29+00:00
2024-11-27 08:00:00+00:00,2024-11-27 15:42:01+00:00,2024-11-28 00:18:47+00:00
2024-11-28 08:00:00+00:00,2024-11-28 15:43:19+00:00,2024-11-29 00:18:07+00:00
2024-11-29 08:00:00+00:00,2024-11-29 15:44:37+00:00,2024-11-30 00:17:31+00:00
2024-11-30 08:00:00+00:00,2024-11-30 15:45:54+00:00,2024-12-01 00:16:58+00:00
2024-12-01 08:00:00+00:00,2024-12-01 15:47:10+00:00,2024-12-02 00:16:27+00:00
2024-12-02 08:00:00+00:00,2024-12-02 15:48:25+00:00,2024-12-03 00:15:59+00:00
2024-12-03 08:00:00+00:00,2024-12-03 15:49:39+00:00,2024-12-04 00:15:35+00:00
2024-12-04 08:00:00+00:00,2024-12-04 15:50:51+00:00,2024-12-05 00:15:13+00:00
2024-12-05 08:00:00+00:00,2024-12-05 15:52:02+00:00,2024-12-06 00:14:54+00:00
2024-12-06 08:00:00+00:00,2024-12-06 15:53:11+00:00,2024-12-07 00:14:38+00:00
2024-12-07 08:00:00+00:00,2024-12-07 15:54:18+00:00,2024-12-08 00:14:25+00:00
2024-12-08 08:00:00+00:00,2024-12-08 15:55:23+00:00,2024-12-09 00:14:15+00:00
2024-12-09 08:00:00+00:00,2024-12-09 15:56:25+00:00,2024-12-10 00:14:07+00:00
2024-12-10 08:00:00+00:00,2024-12-10 15:57:26+00:00,2024-12-11 00:14:03+00:00
2024-12-11 08:00:00+00:00,2024-12-11 15:58:23+00:00,2024-12-12 00:14:02+00:00
2024-12-12 08:00:00+00:00,2024-12-12 15:59:18+00:00,2024-12-13 00:14:03+00:00
2024-12-13 08:00:00+00:00,2024-12-13 16:00:10+00:00,2024-12-14 00:14:08+00:00
2024-12-14 08:00:00+00:00,2024-12-14 16:01:00+00:00,2024-12-15 00:14:15+00:00
2024-12-15 08:00:00+00:00,2024-12-15 16:01:45+00:00,2024-12-16 00:14:25+00:00
2024-12-16 08:00:00+00:00,2024-12-16 16:02:28+00:00,2024-12-17 00:14:38+00:00
2024-12-17 08:00:00+00:00,2024-12-17 16:03:07+00:00,2024-12-18 00:14:54+00:00
2024-12-18 08:00:00+00:00,2024-12-18 16:03:43+00:00,2024-12-19 00:15:13+00:00
2024-12-19 08:00:00+00:00,2024-12-19 16:04:17+00:00,2024-12-20 00:15:36+00:00
2024-12-20 08:00:00+00:00,2024-12-20 16:04:49+00:00,2024-12-21 00:16:03+00:00
2024-12-21 08:00:00+00:00,2024-12-21 16:05:17+00:00,2024-12-22 00:16:32+00:00
2024-12-22 08:00:00+00:00,2024-12-22 16:05:44+00:00,2024-12-23 00:17:06+00:00
2024-12-23 08:00:00+00:00,2024-12-23 16:06:07+00:00,2024-12-24 00:17:42+00:00
2024-12-24 08:00:00+00:00,2024-12-24 16:06:28+00:00,2024-12-25 00:18:22+00:00
2024-12-25 08:00:00+00:00,2024-12-25 16:06:47+00:00,2024-12-26 00:19:04+00:00
2024-12-26 08:00:00+00:00,2024-12-26 16:07:02+00:00,2024-12-27 00:19:50+00:00
2024-12-27 08:00:00+00:00,2024-12-27 16:07:15+00:00,2024-12-28 00:20:38+00:00
2024-12-28 08:00:00+00:00,2024-12-28 16:07:25+00:00,2024-12-29 00:21:28+00:00
2024-12-29 08:00:00+00:00,2024-12-29 16:07:32+00:00,2024-12-30 00:22:22+00:00
2024-12-30 08:00:00+00:00,2024-12-30 16:07:36+00:00,2024-12-31 00:23:17+00:00
2024-12-31 08:00:00+00:00,2024-12-31 16:07:36+00:00,2025-01-01 00:24:15+00:00
2025-01-01 08:00:00+00:00,2025-01-01 16:07:34+00:00,2025-01-02 00:25:15+00:00
2025-01-02 08:00:00+00:00,2025-01-02 16:07:29+00:00,2025-01-03 00:26:16+00:00
2025-01-03 08:00:00+00:00,2025-01-03 16:07:20+00:00,2025-01-04 00:27:20+00:00
2025-01-04 08:00:00+00:00,2025-01-04 16:07:08+00:00,2025-01-05 00:28:25+00:00
2025-01-05 08:00:00+00:00,2025-01-05 16:06:53+00:00,2025-01-06 00:29:32+00:00
2025-01-06 08:00:00+00:00,2025-01-06 16:06:35+00:00,2025-01-07 00:30:40+00:00
2025-01-07 08:00:00+00:00,2025-01-07 16:06:13+00:00,2025-01-08 00:31:50+00:00
2025-01-08 08:00:00+00:00,2025-01-08 16:05:48+00:00,2025-01-09 00:33:03+00:00
2025-01-09 08:00:00+00:00,2025-01-09 16:05:20+00:00,2025-01-10 00:34:18+00:00
2025-01-10 08:00:00+00:00,2025-01-10 16:04:49+00:00,2025-01-11 00:35:36+00:00
2025-01-11 08:00:00+00:00,2025-01-11 16:04:15+00:00,2025-01-12 00:36:56+00:00
2025-01-12 08:00:00+00:00,2025-01-12 16:03:38+00:00,2025-01-13 00:38:18+00:00
2025-01-13 08:00:00+00:00,2025-01-13 16:02:58+00:00,2025-01-14 00:39:42+00:00
2025-01-14 08:00:00+00:00,2025-01-14 16:02:16+00:00,2025-01-15 00:41:08+00:00
2025-01-15 08:00:00+00:00,2025-01-15 16:01:31+00:00,2025-01-16 00:42:36+00:00
2025-01-16 08:00:00+00:00,2025-01-16 16:00:43+00:00,2025-01-17 00:44:05+00:00
2025-01-17 08:00:00+00:00,2025-01-17 15:59:53+00:00,2025-01-18 00:45:35+00:00
2025-01-18 08:00:00+00:00,2025-01-18 15:59:00+00:00,2025-01-19 00:47:06+00:00
2025-01-19 08:00:00+00:00,2025-01-19 15:58:05+00:00,2025-01-20 00:48:39+00:00
2025-01-20 08:00:00+00:00,2025-01-20 15:57:08+00:00,2025-01-21 00:50:12+00:00
2025-01-21 08:00:00+00:00,2025-01-21 15:56:09+00:00,2025-01-22 00:51:46+00:00
2025-01-22 08:00:00+00:00,2025-01-22 15:55:07+00:00,2025-01-23 00:53:20+00:00
2025-01-23 08:00:00+00:00,2025-01-23 15:54:03+00:00,2025-01-24 00:54:55+00:00
2025-01-24 08:00:00+00:00,2025-01-24 15:52:57+00:00,2025-01-25 00:56:29+00:00
2025-01-25 08:00:00+00:00,2025-01-25 15:51:50+00:00,2025-01-26 00:58:04+00:00
2025-01-26 08:00:00+00:00,2025-01-26 15:50:40+00:00,2025-01-27 00:59:39+00:00
2025-01-27 08:00:00+00:00,2025-01-27 15:49:28+00:00,2025-01-28 01:01:14+00:00
2025-01-28 08:00:00+00:00,2025-01-28 15:48:13+00:00,2025-01-29 01:02:51+00:00
2025-01-29 08:00:00+00:00,2025-01-29 15:46:55+00:00,2025-01-30 01:04:28+00:00
2025-01-30 08:00:00+00:00,2025-01-30 15:45:35+00:00,2025-01-31 01:06:06+00:00
2025-01-31 08:00:00+00:00,2025-01-31 15:44:12+00:00,2025-02-01 01:07:46+00:00
2025-02-01 08:00:00+00:00,2025-02-01 15:42:47+00:00,2025-02-02 01:09:25+00:00
2025-02-02 08:00:00+00:00,2025-02-02 15:41:20+00:00,2025-02-03 01:11:06+00:00
2025-02-03 08:00:00+00:00,2025-02-03 15:39:51+00:00,2025-02-04 01:12:47+00:00
2025-02-04 08:00:00+00:00,2025-02-04 15:38:20+00:00,2025-02-05 01:14:28+00:00
2025-02-05 08:00:00+00:00,2025-02-05 15:36:47+00:00,2025-02-06 01:16:09+00:00
2025-02-06 08:00:00+00:00,2025-02-06 15:35:13+00:00,2025-02-07 01:17:51+00:00
2025-02-07 08:00:00+00:00,2025-02-07 15:33:37+00:00,2025-02-08 01:19:33+00:00
2025-02-08 08:00:00+00:00,2025-02-08 15:32:00+00:00,2025-02-09 01:21:14+00:00
2025-02-09 08:00:00+00:00,2025-02-09 15:30:21+00:00,2025-02-10 01:22:56+00:00
2025-02-10 08:00:00+00:00,2025-02-10 15:28:42+00:00,2025-02-11 01:24:37+00:00
2025-02-11 08:00:00+00:00,2025-02-11 15:27:01+00:00,2025-02-12 01:26:18+00:00
2025-02-12 08:00:00+00:00,2025-02-12 15:25:19+00:00,2025-02-13 01:27:59+00:00
2025-02-13 08:00:00+00:00,2025-02-13 15:23:37+00:00,2025-02-14 01:29:39+00:00
2025-02-14 08:00:00+00:00,2025-02-14 15:21:54+00:00,2025-02-15 01:31:19+00:00
2025-02-15 08:00:00+00:00,2025-02-15 15:20:10+00:00,2025-02-16 01:32:58+00:00
2025-02-16 08:00:00+00:00,2025-02-16 15:18:25+00:00,2025-02-17 01:34:36+00:00
2025-02-17 08:00:00+00:00,2025-02-17 15:16:38+00:00,2025-02-18 01:36:15+00:00
2025-02-18 08:00:00+00:00,2025-02-18 15:14:49+00:00,2025-02-19 01:37:54+00:00
2025-02-19 08:00:00+00:00,2025-02-19 15:12:59+00:00,2025-02-20 01:39:33+00:00
2025-02-20 08:00:00+00:00,2025-02-20 15:11:06+00:00,2025-02-21 01:41:12+00:00
2025-02-21 08:00:00+00:00,2025-02-21 15:09:12+00:00,2025-02-22 01:42:51+00:00
2025-02-22 08:00:00+00:00,2025-02-22 15:07:17+00:00,2025-02-23 01:44:30+00:00
2025-02-23 08:00:00+00:00,2025-02-23 15:05:20+00:00,2025-02-24 01:46:08+00:00
2025-02-24 08:00:00+00:00,2025-02-24 15:03:23+00:00,2025-02-25 01:47:47+00:00
2025-02-25 08:00:00+00:00,2025-02-25 15:01:24+00:00,2025-02-26 01:49:25+00:00
2025-02-26 08:00:00+00:00,2025-02-26 14:59:25+00:00,2025-02-27 01:51:03+00:00
2025-02-27 08:00:00+00:00,2025-02-27 14:57:25+00:00,2025-02-28 01:52:41+00:00
2025-02-28 08:00:00+00:00,2025-02-28 14:55:24+00:00,2025-03-01 01:54:19+00:00
2025-03-01 08:00:00+00:00,2025-03-01 14:53:23+00:00,2025-03-02 01:55:56+00:00
2025-03-02 08:00:00+00:00,2025-03-02 14:51:21+00:00,2025-03-03 01:57:33+00:00
2025-03-03 08:00:00+00:00,2025-03-03 14:49:20+00:00,2025-03-04 01:59:09+00:00
2025-03-04 08:00:00+00:00,2025-03-04 14:47:18+00:00,2025-03-05 02:00:45+00:00
2025-03-05 08:00:00+00:00,2025-03-05 14:45:16+00:00,2025-03-06 02:02:21+00:00
2025-03-06 08:00:00+00:00,2025-03-06 14:43:15+00:00,2025-03-07 02:03:56+00:00
2025-03-07 08:00:00+00:00,2025-03-07 14:41:13+00:00,2025-03-08 02:05:31+00:00
2025-03-08 08:00:00+00:00,2025-03-08 14:39:12+00:00,2025-03-09 02:07:05+00:00
2025-03-09 08:00:00+00:00,2025-03-09 14:37:09+00:00,2025-03-10 02:08:39+00:00
2025-03-10 08:00:00+00:00,2025-03-10 14:35:05+00:00,2025-03-11 02:10:13+00:00
2025-03-11 08:00:00+00:00,2025-03-11 14:33:00+00:00,2025-03-12 02:11:47+00:00
2025-03-12 08:00:00+00:00,2025-03-12 14:30:54+00:00,2025-03-13 02:13:21+00:00
2025-03-13 08:00:00+00:00,2025-03-13 14:28:47+00:00,2025-03-14 02:14:54+00:00
2025-03-14 08:00:00+00:00,2025-03-14 14:26:39+00:00,2025-03-15 02:16:28+00:00
2025-03-15 08:00:00+00:00,2025-03-15 14:24:31+00:00,2025-03-16 02:18:01+00:00
2025-03-16 08:00:00+00:00,2025-03-16 14:22:22+00:00,2025-03-17 02:19:34+00:00
2025-03-17 08:00:00+00:00,2025-03-17 14:20:13+00:00,2025-03-18 02:21:07+00:00
2025-03-18 08:00:00+00:00,2025-03-18 14:18:04+00:00,2025-03-19 02:22:40+00:00
2025-03-19 08:00:00+00:00,2025-03-19 14:15:55+00:00,2025-03-20 02:24:13+00:00
2025-03-20 08:00:00+00:00,2025-03-20 14:13:46+00:00,2025-03-21 02:25:46+00:00
2025-03-21 08:00:00+00:00,2025-03-21 14:11:37+00:00,2025-03-22 02:27:18+00:00
2025-03-22 08:00:00+00:00,2025-03-22 14:09:28+00:00,2025-03-23 02:28:50+00:00
2025-03-23 08:00:00+00:00,2025-03-23 14:07:20+00:00,2025-03-24 02:30:22+00:00
2025-03-24 08:00:00+00:00,2025-03-24 14:05:12+00:00,2025-03-25 02:31:54+00:00
2025-03-25 08:00:00+00:00,2025-03-25 14:03:05+00:00,2025-03-26 02:33:25+00:00
2025-03-26 08:00:00+00:00,2025-03-26 14:00:59+00:00,2025-03-27 02:34:57+00:00
2025-03-27 08:00:00+00:00,2025-03-27 13:58:53+00:00,2025-03-28 02:36:28+00:00
2025-03-28 08:00:00+00:00,2025-03-28 13:56:49+00:00,2025-03-29 02:37:59+00:00
2025-03-29 08:00:00+00:00,2025-03-29 13:54:43+00:00,2025-03-30 02:39:30+00:00
2025-03-30 08:00:00+00:00,2025-03-30 13:52:37+00:00,2025-03-31 02:41:01+00:00
2025-03-31 08:00:00+00:00,2025-03-31 13:50:31+00:00,2025-04-01 02:42:32+00:00
2025-04-01 08:00:00+00:00,2025-04-01 13:48:24+00:00,2025-04-02 02:44:03+00:00
2025-04-02 08:00:00+00:00,2025-04-02 13:46:17+00:00,2025-04-03 02:45:35+00:00
2025-04-03 08:00:00+00:00,2025-04-03 13:44:10+00:00,2025-04-04 02:47:06+00:00
2025-04-04 08:00:00+00:00,2025-04-04 13:42:03+00:00,2025-04-05 02:48:37+00:00
2025-04-05 08:00:00+00:00,2025-04-05 13:39:57+00:00,2025-04-06 02:50:09+00:00
2025-04-06 08:00:00+00:00,2025-04-06 13:37:50+00:00,2025-04-07 02:51:40+00:00
2025-04-07 08:00:00+00:00,2025-04-07 13:35:44+00:00,2025-04-08 02:53:12+00:00
2025-04-08 08:00:00+00:00,2025-04-08 13:33:39+00:00,2025-04-09 02:54:43+00:00
2025-04-09 08:00:00+00:00,2025-04-09 13:31:34+00:00,2025-04-10 02:56:14+00:00
2025-04-10 08:00:00+00:00,2025-04-10 13:29:30+00:00,2025-04-11 02:57:45+00:00
2025-04-11 08:00:00+00:00,2025-04-11 13:27:27+00:00,2025-04-12 02:59:16+00:00
2025-04-12 08:00:00+00:00,2025-04-12 13:25:25+00:00,2025-04-13 03:00:47+00:00
2025-04-13 08:00:00+00:00,2025-04-13 13:23:24+00:00,2025-04-14 03:02:18+00:00
2025-04-14 08:00:00+00:00,2025-04-14 13:21:24+00:00,2025-04-15 03:03:49+00:00
2025-04-15 08:00:00+00:00,2025-04-15 13:19:26+00:00,2025-04-16 03:05:19+00:00
2025-04-16 08:00:00+00:00,2025-04-16 13:17:29+00:00,2025-04-17 03:06:50+00:00
2025-04-17 08:00:00+00:00,2025-04-17 13:15:33+00:00,2025-04-18 03:08:20+00:00
2025-04-18 08:00:00+00:00,2025-04-18 13:13:38+00:00,2025-04-19 03:09:50+00:00
2025-04-19 08:00:00+00:00,2025-04-19 13:11:42+00:00,2025-04-20 03:11:21+00:00
2025-04-20 08:00:00+00:00,2025-04-20 13:09:48+00:00,2025-04-21 03:12:51+00:00
2025-04-21 08:00:00+00:00,2025-04-21 13:07:53+00:00,2025-04-22 03:14:22+00:00
2025-04-22 08:00:00+00:00,2025-04-22 13:05:59+00:00,2025-04-23 03:15:53+00:00
2025-04-23 08:00:00+00:00,2025-04-23 13:04:06+00:00,2025-04-24 03:17:24+00:00
2025-04-24 08:00:00+00:00,2025-04-24 13:02:14+00:00,2025-04-25 03:18:55+00:00
2025-04-25 08:00:00+00:00,2025-04-25 13:00:23+00:00,2025-04-26 03:20:26+00:00
2025-04-26 08:00:00+00:00,2025-04-26 12:58:32+00:00,2025-04-27 03:21:57+00:00
2025-04-27 08:00:00+00:00,2025-04-27 12:56:43+00:00,2025-04-28 03:23:28+00:00
2025-04-28 08:00:00+00:00,2025-04-28 12:54:54+00:00,2025-04-29 03:24:58+00:00
2025-04-29 08:00:00+00:00,2025-04-29 12:53:07+00:00,2025-04-30 03:26:28+00:00
2025-04-30 08:00:00+00:00,2025-04-30 12:51:22+00:00,2025-05-01 03:27:58+00:00
2025-05-01 08:00:00+00:00,2025-05-01 12:49:38+00:00,2025-05-02 03:29:27+00:00
2025-05-02 08:00:00+00:00,2025-05-02 12:47:56+00:00,2025-05-03 03:30:56+00:00
2025-05-03 08:00:00+00:00,2025-05-03 12:46:15+00:00,2025-05-04 03:32:24+00:00
2025-05-04 08:00:00+00:00,2025-05-04 12:44:37+00:00,2025-05-05 03:33:52+00:00
2025-05-05 08:00:00+00:00,2025-05-05 12:43:00+00:00,2025-05-06 03:35:19+00:00
2025-05-06 08:00:00+00:00,2025-05-06 12:41:26+00:00,2025-05-07 03:36:45+00:00
2025-05-07 08:00:00+00:00,2025-05-07 12:39:54+00:00,2025-05-08 03:38:10+00:00
2025-05-08 08:00:00+00:00,2025-05-08 12:38:22+00:00,2025-05-09 03:39:36+00:00
2025-05-09 08:00:00+00:00,2025-05-09 12:36:53+00:00,2025-05-10 03:41:01+00:00
2025-05-10 08:00:00+00:00,2025-05-10 12:35:24+00:00,2025-05-11 03:42:26+00:00
2025-05-11 08:00:00+00:00,2025-05-11 12:33:57+00:00,2025-05-12 03:43:51+00:00
2025-05-12 08:00:00+00:00,2025-05-12 12:32:32+00:00,2025-05-13 03:45:15+00:00
2025-05-13 08:00:00+00:00,2025-05-13 12:31:08+00:00,2025-05-14 03:46:39+00:00
2025-05-14 08:00:00+00:00,2025-05-14 12:29:46+00:00,2025-05-15 03:48:03+00:00
2025-05-15 08:00:00+00:00,2025-05-15 12:28:25+00:00,2025-05-16 03:49:25+00:00
2025-05-16 08:00:00+00:00,2025-05-16 12:27:07+00:00,2025-05-17 03:50:47+00:00
2025-05-17 08:00:00+00:00,2025-05-17 12:25:50+00:00,2025-05-18 03:52:08+00:00
2025-05-18 08:00:00+00:00,2025-05-18 12:24:35+00:00,2025-05-19 03:53:28+00:00
2025-05-19 08:00:00+00:00,2025-05-19 12:23:23+00:00,2025-05-20 03:54:47+00:00
2025-05-20 08:00:00+00:00,2025-05-20 12:22:12+00:00,2025-05-21 03:56:04+00:00
2025-05-21 08:00:00+00:00,2025-05-21 12:21:04+00:00,2025-05-22 03:57:20+00:00
2025-05-22 08:00:00+00:00,2025-05-22 12:19:58+00:00,2025-05-23 03:58:35+00:00
2025-05-23 08:00:00+00:00,2025-05-23 12:18:54+00:00,2025-05-24 03:59:48+00:00
2025-05-24 08:00:00+00:00,2025-05-24 12:17:54+00:00,2025-05-25 04:00:59+00:00
2025-05-25 08:00:00+00:00,2025-05-25 12:16:55+00:00,2025-05-26 04:02:09+00:00
2025-05-26 08:00:00+00:00,2025-05-26 12:16:00+00:00,2025-05-27 04:03:16+00:00
2025-05-27 08:00:00+00:00,2025-05-27 12:15:07+00:00,2025-05-28 04:04:22+00:00
2025-05-28 08:00:00+00:00,2025-05-28 12:14:16+00:00,2025-05-29 04:05:27+00:00
2025-05-29 08:00:00+00:00,2025-05-29 12:13:28+00:00,2025-05-30 04:06:30+00:00
2025-05-30 08:00:00+00:00,2025-05-30 12:12:43+00:00,2025-05-31 04:07:33+00:00
2025-05-31 08:00:00+00:00,2025-05-31 12:12:00+00:00,2025-06-01 04:08:34+00:00
2025-06-01 08:00:00+00:00,2025-06-01 12:11:20+00:00,2025-06-02 04:09:33+00:00
2025-06-02 08:00:00+00:00,2025-06-02 12:10:42+00:00,2025-06-03 04:10:31+00:00
2025-06-03 08:00:00+00:00,2025-06-03 12:10:07+00:00,2025-06-04 04:11:28+00:00
2025-06-04 08:00:00+00:00,2025-06-04 12:09:35+00:00,2025-06-05 04:12:22+00:00
2025-06-05 08:00:00+00:00,2025-06-05 12:09:05+00:00,2025-06-06 04:13:15+00:00
2025-06-06 08:00:00+00:00,2025-06-06 12:08:37+00:00,2025-06-07 04:14:05+00:00
2025-06-07 08:00:00+00:00,2025-06-07 12:08:13+00:00,2025-06-08 04:14:54+00:00
2025-06-08 08:00:00+00:00,2025-06-08 12:07:50+00:00,2025-06-09 04:15:40+00:00
2025-06-09 08:00:00+00:00,2025-06-09 12:07:31+00:00,2025-06-10 04:16:24+00:00
2025-06-10 08:00:00+00:00,2025-06-10 12:07:14+00:00,2025-06-11 04:17:05+00:00
2025-06-11 08:00:00+00:00,2025-06-11 12:07:00+00:00,2025-06-12 04:17:44+00:00
2025-06-12 08:00:00+00:00,2025-06-12 12:06:48+00:00,2025-06-13 04:18:19+00:00
2025-06-13 08:00:00+00:00,2025-06-13 12:06:39+00:00,2025-06-14 04:18:52+00:00
2025-06-14 08:00:00+00:00,2025-06-14 12:06:32+00:00,2025-06-15 04:19:22+00:00
2025-06-15 08:00:00+00:00,2025-06-15 12:06:29+00:00,2025-06-16 04:19:49+00:00
2025-06-16 08:00:00+00:00,2025-06-16 12:06:28+00:00,2025-06-17 04:20:14+00:00
2025-06-17 08:00:00+00:00,2025-06-17 12:06:30+00:00,2025-06-18 04:20:36+00:00
2025-06-18 08:00:00+00:00,2025-06-18 12:06:35+00:00,2025-06-19 04:20:55+00:00
2025-06-19 08:00:00+00:00,2025-06-19 12:06:44+00:00,2025-06-20 04:21:12+00:00
2025-06-20 08:00:00+00:00,2025-06-20 12:06:55+00:00,2025-06-21 04:21:27+00:00
2025-06-21 08:00:00+00:00,2025-06-21 12:07:10+00:00,2025-06-22 04:21:39+00:00
2025-06-22 08:00:00+00:00,2025-06-22 12:07:27+00:00,2025-06-23 04:21:49+00:00
2025-06-23 08:00:00+00:00,2025-06-23 12:07:47+00:00,2025-06-24 04:21:56+00:00
2025-06-24 08:00:00+00:00,2025-06-24 12:08:09+00:00,2025-06-25 04:22:00+00:00
2025-06-25 08:00:00+00:00,2025-06-25 12:08:34+00:00,2025-06-26 04:22:02+00:00
2025-06-26 08:00:00+00:00,2025-06-26 12:09:02+00:00,2025-06-27 04:22:01+00:00
2025-06-27 08:00:00+00:00,2025-06-27 12:09:32+00:00,2025-06-28 04:21:58+00:00
2025-06-28 08:00:00+00:00,2025-06-28 12:10:04+00:00,2025-06-29 04:21:51+00:00
2025-06-29 08:00:00+00:00,2025-06-29 12:10:39+00:00,2025-06-30 04:21:42+00:00
2025-06-30 08:00:00+00:00,2025-06-30 12:11:15+00:00,2025-07-01 04:21:30+00:00
2025-07-01 08:00:00+00:00,2025-07-01 12:11:53+00:00,2025-07-02 04:21:15+00:00
2025-07-02 08:00:00+00:00,2025-07-02 12:12:34+00:00,2025-07-03 04:20:57+00:00
2025-07-03 08:00:00+00:00,2025-07-03 12:13:16+00:00,2025-07-04 04:20:36+00:00
2025-07-04 08:00:00+00:00,2025-07-04 12:14:00+00:00,2025-07-05 04:20:13+00:00
2025-07-05 08:00:00+00:00,2025-07-05 12:14:45+00:00,2025-07-06 04:19:46+00:00
2025-07-06 08:00:00+00:00,2025-07-06 12:15:33+00:00,2025-07-07 04:19:16+00:00
2025-07-07 08:00:00+00:00,2025-07-07 12:16:23+00:00,2025-07-08 04:18:44+00:00
2025-07-08 08:00:00+00:00,2025-07-08 12:17:15+00:00,2025-07-09 04:18:08+00:00
2025-07-09 08:00:00+00:00,2025-07-09 12:18:10+00:00,2025-07-10 04:17:30+00:00
2025-07-10 08:00:00+00:00,2025-07-10 12:19:07+00:00,2025-07-11 04:16:49+00:00
2025-07-11 08:00:00+00:00,2025-07-11 12:20:06+00:00,2025-07-12 04:16:06+00:00
2025-07-12 08:00:00+00:00,2025-07-12 12:21:07+00:00,2025-07-13 04:15:20+00:00
2025-07-13 08:00:00+00:00,2025-07-13 12:22:09+00:00,2025-07-14 04:14:31+00:00
2025-07-14 08:00:00+00:00,2025-07-14 12:23:14+00:00,2025-07-15 04:13:40+00:00
2025-07-15 08:00:00+00:00,2025-07-15 12:24:20+00:00,2025-07-16 04:12:46+00:00
2025-07-16 08:00:00+00:00,2025-07-16 12:25:27+00:00,2025-07-17 04:11:51+00:00
2025-07-17 08:00:00+00:00,2025-07-17 12:26:36+00:00,2025-07-18 04:10:52+00:00
2025-07-18 08:00:00+00:00,2025-07-18 12:27:46+00:00,2025-07-19 04:09:52+00:00
2025-07-19 08:00:00+00:00,2025-07-19 12:28:57+00:00,2025-07-20 04:08:49+00:00
2025-07-20 08:00:00+00:00,2025-07-20 12:30:09+00:00,2025-07-21 04:07:45+00:00
2025-07-21 08:00:00+00:00,2025-07-21 12:31:22+00:00,2025-07-22 04:06:38+00:00
2025-07-22 08:00:00+00:00,2025-07-22 12:32:36+00:00,2025-07-23 04:05:29+00:00
2025-07-23 08:00:00+00:00,2025-07-23 12:33:50+00:00,2025-07-24 04:04:18+00:00
2025-07-24 08:00:00+00:00,2025-07-24 12:35:05+00:00,2025-07-25 04:03:06+00:00
2025-07-25 08:00:00+00:00,2025-07-25 12:36:20+00:00,2025-07-26 04:01:51+00:00
2025-07-26 08:00:00+00:00,2025-07-26 12:37:35+00:00,2025-07-27 04:00:34+00:00
2025-07-27 08:00:00+00:00,2025-07-27 12:38:52+00:00,2025-07-28 03:59:15+00:00
2025-07-28 08:00:00+00:00,2025-07-28 12:40:11+00:00,2025-07-29 03:57:53+00:00
2025-07-29 08:00:00+00:00,2025-07-29 12:41:30+00:00,2025-07-30 03:56:29+00:00
2025-07-30 08:00:00+00:00,2025-07-30 12:42:50+00:00,2025-07-31 03:55:03+00:00
2025-07-31 08:00:00+00:00,2025-07-31 12:44:11+00:00,2025-08-01 03:53:34+00:00
2025-08-01 08:00:00+00:00,2025-08-01 12:45:33+00:00,2025-08-02 03:52:04+00:00
2025-08-02 08:00:00+00:00,2025-08-02 12:46:56+00:00,2025-08-03 03:50:32+00:00
2025-08-03 08:00:00+00:00,2025-08-03 12:48:19+00:00,2025-08-04 03:48:58+00:00
2025-08-04 08:00:00+00:00,2025-08-04 12:49:43+00:00,2025-08-05 03:47:23+00:00
2025-08-05 08:00:00+00:00,2025-08-05 12:51:08+00:00,2025-08-06 03:45:46+00:00
2025-08-06 08:00:00+00:00,2025-08-06 12:52:32+00:00,2025-08-07 03:44:07+00:00
2025-08-07 08:00:00+00:00,2025-08-07 12:53:57+00:00,2025-08-08 03:42:27+00:00
2025-08-08 08:00:00+00:00,2025-08-08 12:55:22+00:00,2025-08-09 03:40:46+00:00
2025-08-09 08:00:00+00:00,2025-08-09 12:56:48+00:00,2025-08-10 03:39:04+00:00
2025-08-10 08:00:00+00:00,2025-08-10 12:58:13+00:00,2025-08-11 03:37:21+00:00
2025-08-11 08:00:00+00:00,2025-08-11 12:59:38+00:00,2025-08-12 03:35:36+00:00
2025-08-12 08:00:00+00:00,2025-08-12 13:01:04+00:00,2025-08-13 03:33:51+00:00
2025-08-13 08:00:00+00:00,2025-08-13 13:02:29+00:00,2025-08-14 03:32:05+00:00
2025-08-14 08:00:00+00:00,2025-08-14 13:03:54+00:00,2025-08-15 03:30:19+00:00
2025-08-15 08:00:00+00:00,2025-08-15 13:05:19+00:00,2025-08-16 03:28:31+00:00
2025-08-16 08:00:00+00:00,2025-08-16 13:06:44+00:00,2025-08-17 03:26:41+00:00
2025-08-17 08:00:00+00:00,2025-08-17 13:08:10+00:00,2025-08-18 03:24:50+00:00
2025-08-18 08:00:00+00:00,2025-08-18 13:09:36+00:00,2025-08-19 03:22:57+00:00
2025-08-19 08:00:00+00:00,2025-08-19 13:11:02+00:00,2025-08-20 03:21:02+00:00
2025-08-20 08:00:00+00:00,2025-08-20 13:12:28+00:00,2025-08-21 03:19:06+00:00
2025-08-21 08:00:00+00:00,2025-08-21 13:13:55+00:00,2025-08-22 03:17:09+00:00
2025-08-22 08:00:00+00:00,2025-08-22 13:15:22+00:00,2025-08-23 03:15:11+00:00
2025-08-23 08:00:00+00:00,2025-08-23 13:16:49+00:00,2025-08-24 03:13:11+00:00
2025-08-24 08:00:00+00:00,2025-08-24 13:18:15+00:00,2025-08-25 03:11:11+00:00
2025-08-25 08:00:00+00:00,2025-08-25 13:19:42+00:00,2025-08-26 03:09:10+00:00
2025-08-26 08:00:00+00:00,2025-08-26 13:21:09+00:00,2025-08-27 03:07:08+00:00
2025-08-27 08:00:00+00:00,2025-08-27 13:22:36+00:00,2025-08-28 03:05:06+00:00
2025-08-28 08:00:00+00:00,2025-08-28 13:24:03+00:00,2025-08-29 03:03:03+00:00
2025-08-29 08:00:00+00:00,2025-08-29 13:25:30+00:00,2025-08-30 03:01:00+00:00
2025-08-30 08:00:00+00:00,2025-08-30 13:26:56+00:00,2025-08-31 02:58:57+00:00
2025-08-31 08:00:00+00:00,2025-08-31 13:28:23+00:00,2025-09-01 02:56:53+00:00
2025-09-01 08:00:00+00:00,2025-09-01 13:29:49+00:00,2025-09-02 02:54:50+00:00
2025-09-02 08:00:00+00:00,2025-09-02 13:31:15+00:00,2025-09-03 02:52:46+00:00
2025-09-03 08:00:00+00:00,2025-09-03 13:32:41+00:00,2025-09-04 02:50:43+00:00
2025-09-04 08:00:00+00:00,2025-09-04 13:34:07+00:00,2025-09-05 02:48:40+00:00
2025-09-05 08:00:00+00:00,2025-09-05 13:35:33+00:00,2025-09-06 02:46:35+00:00
2025-09-06 08:00:00+00:00,2025-09-06 13:36:59+00:00,2025-09-07 02:44:29+00:00
2025-09-07 08:00:00+00:00,2025-09-07 13:38:25+00:00,2025-09-08 02:42:22+00:00
2025-09-08 08:00:00+00:00,2025-09-08 13:39:51+00:00,2025-09-09 02:40:14+00:00
2025-09-09 08:00:00+00:00,2025-09-09 13:41:17+00:00,2025-09-10 02:38:05+00:00
2025-09-10 08:00:00+00:00,2025-09-10 13:42:44+00:00,2025-09-11 02:35:56+00:00
2025-09-11 08:00:00+00:00,2025-09-11 13:44:10+00:00,2025-09-12 02:33:46+00:00
2025-09-12 08:00:00+00:00,2025-09-12 13:45:37+00:00,2025-09-13 02:31:36+00:00
2025-09-13 08:00:00+00:00,2025-09-13 13:47:03+00:00,2025-09-14 02:29:25+00:00
2025-09-14 08:00:00+00:00,2025-09-14 13:48:30+00:00,2025-09-15 02:27:15+00:00
2025-09-15 08:00:00+00:00,2025-09-15 13:49:57+00:00,2025-09-16 02:25:04+00:00
2025-09-16 08:00:00+00:00,2025-09-16 13:51:24+00:00,2025-09-17 02:22:53+00:00
2025-09-17 08:00:00+00:00,2025-09-17 13:52:50+00:00,2025-09-18 02:20:43+00:00
2025-09-18 08:00:00+00:00,2025-09-18 13:54:17+00:00,2025-09-19 02:18:33+00:00
2025-09-19 08:00:00+00:00,2025-09-19 13:55:44+00:00,2025-09-20 02:16:23+00:00
2025-09-20 08:00:00+00:00,2025-09-20 13:57:11+00:00,2025-09-21 02:14:14+00:00
2025-09-21 08:00:00+00:00,2025-09-21 13:58:38+00:00,2025-09-22 02:12:05+00:00
2025-09-22 08:00:00+00:00,2025-09-22 14:00:05+00:00,2025-09-23 02:09:57+00:00
2025-09-23 08:00:00+00:00,2025-09-23 14:01:32+00:00,2025-09-24 02:07:50+00:00
2025-09-24 08:00:00+00:00,2025-09-24 14:02:59+00:00,2025-09-25 02:05:44+00:00
2025-09-25 08:00:00+00:00,2025-09-25 14:04:27+00:00,2025-09-26 02:03:37+00:00
2025-09-26 08:00:00+00:00,2025-09-26 14:05:55+00:00,2025-09-27 02:01:29+00:00
2025-09-27 08:00:00+00:00,2025-09-27 14:07:23+00:00,2025-09-28 01:59:20+00:00
2025-09-28 08:00:00+00:00,2025-09-28 14:08:51+00:00,2025-09-29 01:57:12+00:00
2025-09-29 08:00:00+00:00,2025-09-29 14:10:20+00:00,2025-09-30 01:55:03+00:00
2025-09-30 08:00:00+00:00,2025-09-30 14:11:49+00:00,2025-10-01 01:52:54+00:00
2025-10-01 08:00:00+00:00,2025-10-01 14:13:18+00:00,2025-10-02 01:50:45+00:00
2025-10-02 08:00:00+00:00,2025-10-02 14:14:47+00:00,2025-10-03 01:48:37+00:00
2025-10-03 08:00:00+00:00,2025-10-03 14:16:17+00:00,2025-10-04 01:46:28+00:00
2025-10-04 08:00:00+00:00,2025-10-04 14:17:47+00:00,2025-10-05 01:44:20+00:00
2025-10-05 08:00:00+00:00,2025-10-05 14:19:17+00:00,2025-10-06 01:42:13+00:00
2025-10-06 08:00:00+00:00,2025-10-06 14:20:47+00:00,2025-10-07 01:40:06+00:00
2025-10-07 08:00:00+00:00,2025-10-07 14:22:18+00:00,2025-10-08 01:38:00+00:00
2025-10-08 08:00:00+00:00,2025-10-08 14:23:49+00:00,2025-10-09 01:35:55+00:00
2025-10-09 08:00:00+00:00,2025-10-09 14:25:20+00:00,2025-10-10 01:33:51+00:00
2025-10-10 08:00:00+00:00,2025-10-10 14:26:51+00:00,2025-10-11 01:31:48+00:00
2025-10-11 08:00:00+00:00,2025-10-11 14:28:22+00:00,2025-10-12 01:29:47+00:00
2025-10-12 08:00:00+00:00,2025-10-12 14:29:54+00:00,2025-10-13 01:27:47+00:00
2025-10-13 08:00:00+00:00,2025-10-13 14:31:25+00:00,2025-10-14 01:25:49+00:00
2025-10-14 08:00:00+00:00,2025-10-14 14:32:57+00:00,2025-10-15 01:23:51+00:00
2025-10-15 08:00:00+00:00,2025-10-15 14:34:30+00:00,2025-10-16 01:21:54+00:00
2025-10-16 08:00:00+00:00,2025-10-16 14:36:03+00:00,2025-10-17 01:19:57+00:00
2025-10-17 08:00:00+00:00,2025-10-17 14:37:36+00:00,2025-10-18 01:18:00+00:00
2025-10-18 08:00:00+00:00,2025-10-18 14:39:10+00:00,2025-10-19 01:16:03+00:00
2025-10-19 08:00:00+00:00,2025-10-19 14:40:45+00:00,2025-10-20 01:14:07+00:00
2025-10-20 08:00:00+00:00,2025-10-20 14:42:20+00:00,2025-10-21 01:12:12+00:00
2025-10-21 08:00:00+00:00,2025-10-21 14:43:55+00:00,2025-10-22 01:10:17+00:00
2025-10-22 08:00:00+00:00,2025-10-22 14:45:31+00:00,2025-10-23 01:08:23+00:00
2025-10-23 08:00:00+00:00,2025-10-23 14:47:07+00:00,2025-10-24 01:06:30+00:00
2025-10-24 08:00:00+00:00,2025-10-24 14:48:43+00:00,2025-10-25 01:04:38+00:00
2025-10-25 08:00:00+00:00,2025-10-25 14:50:19+00:00,2025-10-26 01:02:48+00:00
2025-10-26 08:00:00+00:00,2025-10-26 14:51:55+00:00,2025-10-27 01:00:58+00:00
2025-10-27 08:00:00+00:00,2025-10-27 14:53:32+00:00,2025-10-28 00:59:10+00:00
2025-10-28 08:00:00+00:00,2025-10-28 14:55:08+00:00,2025-10-29 00:57:24+00:00
2025-10-29 08:00:00+00:00,2025-10-29 14:56:44+00:00,2025-10-30 00:55:40+00:00
2025-10-30 08:00:00+00:00,2025-10-30 14:58:21+00:00,2025-10-31 00:53:58+00:00
2025-10-31 08:00:00+00:00,2025-10-31 14:59:57+00:00,2025-11-01 00:52:17+00:00
2025-11-01 08:00:00+00:00,2025-11-01 15:01:32+00:00,2025-11-02 00:50:39+00:00
2025-11-02 08:00:00+00:00,2025-11-02 15:03:07+00:00,2025-11-03 00:49:03+00:00
2025-11-03 08:00:00+00:00,2025-11-03 15:04:43+00:00,2025-11-04 00:47:29+00:00
2025-11-04 08:00:00+00:00,2025-11-04 15:06:18+00:00,2025-11-05 00:45:56+00:00
2025-11-05 08:00:00+00:00,2025-11-05 15:07:55+00:00,2025-11-06 00:44:25+00:00
2025-11-06 08:00:00+00:00,2025-11-06 15:09:31+00:00,2025-11-07 00:42:54+00:00
2025-11-07 08:00:00+00:00,2025-11-07 15:11:08+00:00,2025-11-08 00:41:25+00:00
2025-11-08 08:00:00+00:00,2025-11-08 15:12:45+00:00,2025-11-09 00:39:58+00:00
2025-11-09 08:00:00+00:00,2025-11-09 15:14:23+00:00,2025-11-10 00:38:32+00:00
2025-11-10 08:00:00+00:00,2025-11-10 15:16:00+00:00,2025-11-11 00:37:07+00:00
2025-11-11 08:00:00+00:00,2025-11-11 15:17:37+00:00,2025-11-12 00:35:45+00:00
2025-11-12 08:00:00+00:00,2025-11-12 15:19:13+00:00,2025-11-13 00:34:24+00:00
2025-11-13 08:00:00+00:00,2025-11-13 15:20:49+00:00,2025-11-14 00:33:05+00:00
2025-11-14 08:00:00+00:00,2025-11-14 15:22:25+00:00,2025-11-15 00:31:48+00:00
2025-11-15 08:00:00+00:00,2025-11-15 15:24:00+00:00,2025-11-16 00:30:33+00:00
2025-11-16 08:00:00+00:00,2025-11-16 15:25:34+00:00,2025-11-17 00:29:21+00:00
2025-11-17 08:00:00+00:00,2025-11-17 15:27:07+00:00,2025-11-18 00:28:11+00:00
2025-11-18 08:00:00+00:00,2025-11-18 15:28:39+00:00,2025-11-19 00:27:04+00:00
2025-11-19 08:00:00+00:00,2025-11-19 15:30:10+00:00,2025-11-20 00:25:59+00:00
2025-11-20 08:00:00+00:00,2025-11-20 15:31:40+00:00,2025-11-21 00:24:57+00:00
2025-11-21 08:00:00+00:00,2025-11-21 15:33:08+00:00,2025-11-22 00:23:58+00:00
2025-11-22 08:00:00+00:00,2025-11-22 15:34:34+00:00,2025-11-23 00:23:02+00:00
2025-11-23 08:00:00+00:00,2025-11-23 15:35:59+00:00,2025-11-24 00:22:09+00:00
2025-11-24 08:00:00+00:00,2025-11-24 15:37:24+00:00,2025-11-25 00:21:19+00:00
2025-11-25 08:00:00+00:00,2025-11-25 15:38:49+00:00,2025-11-26 00:20:31+00:00
2025-11-26 08:00:00+00:00,2025-11-26 15:40:13+00:00,2025-11-27 00:19:46+00:00
2025-11-27 08:00:00+00:00,2025-11-27 15:41:36+00:00,2025-11-28 00:19:03+00:00
2025-11-28 08:00:00+00:00,2025-11-28 15:42:58+00:00,2025-11-29 00:18:23+00:00
2025-11-29 08:00:00+00:00,2025-11-29 15:44:19+00:00,2025-11-30 00:17:46+00:00
2025-11-30 08:00:00+00:00,2025-11-30 15:45:39+00:00,2025-12-01 00:17:11+00:00
2025-12-01 08:00:00+00:00,2025-12-01 15:46:57+00:00,2025-12-02 00:16:39+00:00
2025-12-02 08:00:00+00:00,2025-12-02 15:48:14+00:00,2025-12-03 00:16:10+00:00
2025-12-03 08:00:00+00:00,2025-12-03 15:49:30+00:00,2025-12-04 00:15:43+00:00
2025-12-04 08:00:00+00:00,2025-12-04 15:50:43+00:00,2025-12-05 00:15:20+00:00
2025-12-05 08:00:00+00:00,2025-12-05 15:51:54+00:00,2025-12-06 00:14:59+00:00
2025-12-06 08:00:00+00:00,2025-12-06 15:53:03+00:00,2025-12-07 00:14:41+00:00
2025-12-07 08:00:00+00:00,2025-12-07 15:54:10+00:00,2025-12-08 00:14:26+00:00
2025-12-08 08:00:00+00:00,2025-12-08 15:55:14+00:00,2025-12-09 00:14:14+00:00
2025-12-09 08:00:00+00:00,2025-12-09 15:56:16+00:00,2025-12-10 00:14:05+00:00
2025-12-10 08:00:00+00:00,2025-12-10 15:57:14+00:00,2025-12-11 00:13:59+00:00
2025-12-11 08:00:00+00:00,2025-12-11 15:58:10+00:00,2025-12-12 00:13:56+00:00
2025-12-12 08:00:00+00:00,2025-12-12 15:59:02+00:00,2025-12-13 00:13:56+00:00
2025-12-13 08:00:00+00:00,2025-12-13 15:59:52+00:00,2025-12-14 00:14:00+00:00
2025-12-14 08:00:00+00:00,2025-12-14 16:00:39+00:00,2025-12-15 00:14:07+00:00
2025-12-15 08:00:00+00:00,2025-12-15 16:01:25+00:00,2025-12-16 00:14:18+00:00
2025-12-16 08:00:00+00:00,2025-12-16 16:02:08+00:00,2025-12-17 00:14:32+00:00
2025-12-17 08:00:00+00:00,2025-12-17 16:02:50+00:00,2025-12-18 00:14:49+00:00
2025-12-18 08:00:00+00:00,2025-12-18 16:03:28+00:00,2025-12-19 00:15:10+00:00
2025-12-19 08:00:00+00:00,2025-12-19 16:04:05+00:00,2025-12-20 00:15:34+00:00
2025-12-20 08:00:00+00:00,2025-12-20 16:04:39+00:00,2025-12-21 00:16:01+00:00
2025-12-21 08:00:00+00:00,2025-12-21 16:05:10+00:00,2025-12-22 00:16:32+00:00
2025-12-22 08:00:00+00:00,2025-12-22 16:05:39+00:00,2025-12-23 00:17:05+00:00
2025-12-23 08:00:00+00:00,2025-12-23 16:06:05+00:00,2025-12-24 00:17:40+00:00
2025-12-24 08:00:00+00:00,2025-12-24 16:06:28+00:00,2025-12-25 00:18:19+00:00
2025-12-25 08:00:00+00:00,2025-12-25 16:06:48+00:00,2025-12-26 00:19:00+00:00
2025-12-26 08:00:00+00:00,2025-12-26 16:07:05+00:00,2025-12-27 00:19:44+00:00
2025-12-27 08:00:00+00:00,2025-12-27 16:07:18+00:00,2025-12-28 00:20:30+00:00
2025-12-28 08:00:00+00:00,2025-12-28 16:07:29+00:00,2025-12-29 00:21:18+00:00
2025-12-29 08:00:00+00:00,2025-12-29 16:07:36+00:00,2025-12-30 00:22:09+00:00
2025-12-30 08:00:00+00:00,2025-12-30 16:07:40+00:00,2025-12-31 00:23:02+00:00
2025-12-31 08:00:00+00:00,2025-12-31 16:07:41+00:00,2026-01-01 00:23:56+00:00
2026-01-01 08:00:00+00:00,2026-01-01 16:07:37+00:00,2026-01-02 00:24:53+00:00
2026-01-02 08:00:00+00:00,2026-01-02 16:07:31+00:00,2026-01-03 00:25:52+00:00
2026-01-03 08:00:00+00:00,2026-01-03 16:07:21+00:00,2026-01-04 00:26:54+00:00
2026-01-04 08:00:00+00:00,2026-01-04 16:07:09+00:00,2026-01-05 00:27:58+00:00
2026-01-05 08:00:00+00:00,2026-01-05 16:06:53+00:00,2026-01-06 00:29:06+00:00
2026-01-06 08:00:00+00:00,2026-01-06 16:06:34+00:00,2026-01-07 00:30:17+00:00
2026-01-07 08:00:00+00:00,2026-01-07 16:06:13+00:00,2026-01-08 00:31:30+00:00
2026-01-08 08:00:00+00:00,2026-01-08 16:05:48+00:00,2026-01-09 00:32:45+00:00
2026-01-09 08:00:00+00:00,2026-01-09 16:05:21+00:00,2026-01-10 00:34:02+00:00
2026-01-10 08:00:00+00:00,2026-01-10 16:04:51+00:00,2026-01-11 00:35:22+00:00
2026-01-11 08:00:00+00:00,2026-01-11 16:04:19+00:00,2026-01-12 00:36:43+00:00
2026-01-12 08:00:00+00:00,2026-01-12 16:03:43+00:00,2026-01-13 00:38:06+00:00
2026-01-13 08:00:00+00:00,2026-01-13 16:03:05+00:00,2026-01-14 00:39:30+00:00
2026-01-14 08:00:00+00:00,2026-01-14 16:02:24+00:00,2026-01-15 00:40:56+00:00
2026-01-15 08:00:00+00:00,2026-01-15 16:01:41+00:00,2026-01-16 00:42:23+00:00
2026-01-16 08:00:00+00:00,2026-01-16 16:00:55+00:00,2026-01-17 00:43:50+00:00
2026-01-17 08:00:00+00:00,2026-01-17 16:00:07+00:00,2026-01-18 00:45:19+00:00
2026-01-18 08:00:00+00:00,2026-01-18 15:59:16+00:00,2026-01-19 00:46:49+00:00
2026-01-19 08:00:00+00:00,2026-01-19 15:58:23+00:00,2026-01-20 00:48:18+00:00
